,volts,amps,power,sysstatus,timestamp,M_ID,cycle
910,13.46,-0.006,-0.1,10100000_00000000,0.01202702522277832,_M_00006,1
911,13.46,-0.012,-0.2,10100000_00000000,0.03393745422363281,_M_00006,1
912,13.46,-0.008,-0.1,10100000_00000000,0.06203794479370117,_M_00006,1
913,13.46,-0.008,-0.1,10100000_00000000,0.08997368812561035,_M_00006,1
914,13.46,-0.01,-0.1,10100000_00000000,0.11902165412902832,_M_00006,1
915,13.46,-0.01,-0.1,10100000_00000000,0.14713406562805176,_M_00006,1
916,13.46,-0.008,-0.1,10100000_00000000,0.1761016845703125,_M_00006,1
917,13.46,-0.006,-0.1,10100000_00000000,0.2041006088256836,_M_00006,1
918,13.46,-0.008,-0.1,10100000_00000000,0.23302674293518066,_M_00006,1
919,13.46,-0.01,-0.1,10100000_00000000,0.262101411819458,_M_00006,1
920,13.46,-0.008,-0.1,10100000_00000000,0.29009318351745605,_M_00006,1
921,13.46,-0.01,-0.1,10100000_00000000,0.31910157203674316,_M_00006,1
922,13.46,-0.012,-0.1,10100000_00000000,0.34709620475769043,_M_00006,1
923,13.46,-0.008,-0.1,10100000_00000000,0.37602663040161133,_M_00006,1
924,13.46,-0.012,-0.2,10100000_00000000,0.4040262699127197,_M_00006,1
925,13.46,-0.01,-0.1,10100000_00000000,0.43311500549316406,_M_00006,1
926,13.46,-0.01,-0.1,10100000_00000000,0.4621009826660156,_M_00006,1
927,13.46,-0.01,-0.1,10100000_00000000,0.490095853805542,_M_00006,1
928,13.46,-0.008,-0.1,10100000_00000000,0.5191056728363037,_M_00006,1
929,13.46,-0.008,-0.1,10100000_00000000,0.5470285415649414,_M_00006,1
930,13.46,-0.012,-0.1,10100000_00000000,0.576026439666748,_M_00006,1
931,13.46,-0.01,-0.1,10100000_00000000,0.6040890216827393,_M_00006,1
932,13.46,-0.01,-0.1,10100000_00000000,0.6330971717834473,_M_00006,1
933,13.46,-0.008,-0.1,10100000_00000000,0.6621050834655762,_M_00006,1
934,13.48,-0.012,-0.1,10100000_00000000,0.6900882720947266,_M_00006,1
935,13.46,-0.008,-0.1,10100000_00000000,0.719029426574707,_M_00006,1
936,13.46,-0.008,-0.1,10100000_00000000,0.7470262050628662,_M_00006,1
937,13.46,-0.008,-0.1,10100000_00000000,0.7762763500213623,_M_00006,1
938,13.46,-0.008,-0.1,10100000_00000000,0.804046630859375,_M_00006,1
939,13.46,-0.01,-0.1,10100000_00000000,0.8330874443054199,_M_00006,1
940,13.46,-0.008,-0.1,10100000_00000000,0.8620879650115967,_M_00006,1
941,13.46,-0.01,-0.1,10100000_00000000,0.8900306224822998,_M_00006,1
942,13.46,-0.01,-0.1,10100000_00000000,0.9190332889556885,_M_00006,1
943,13.46,0.008,-0.1,11100000_00000000,0.9470870494842529,_M_00006,1
944,13.46,-0.008,-0.1,10100000_00000000,0.9760866165161133,_M_00006,1
945,13.46,-0.008,-0.1,10100000_00000000,1.004049301147461,_M_00006,1
946,13.46,-0.006,-0.1,10100000_00000000,1.0330491065979004,_M_00006,1
947,13.46,-0.01,-0.1,10100000_00000000,1.0620348453521729,_M_00006,1
948,13.46,-0.006,-0.1,10100000_00000000,1.0901074409484863,_M_00006,1
949,13.46,0.008,-0.1,11100000_00000000,1.1190979480743408,_M_00006,1
950,13.46,-0.01,-0.1,10100000_00000000,1.1470868587493896,_M_00006,1
951,13.46,-0.008,-0.1,10100000_00000000,1.1760926246643066,_M_00006,1
952,13.46,-0.01,-0.1,10100000_00000000,1.2040255069732666,_M_00006,1
953,13.48,0.01,-0.1,11100000_00000000,1.2330281734466553,_M_00006,1
954,13.46,-0.008,-0.1,10100000_00000000,1.2620997428894043,_M_00006,1
955,13.46,-0.01,-0.1,10100000_00000000,1.290088176727295,_M_00006,1
956,13.46,-0.01,-0.1,10100000_00000000,1.3190722465515137,_M_00006,1
957,13.46,-0.008,-0.1,10100000_00000000,1.3470449447631836,_M_00006,1
958,13.46,-0.01,-0.2,10100000_00000000,1.3760251998901367,_M_00006,1
959,13.46,-0.008,-0.1,10100000_00000000,1.4040906429290771,_M_00006,1
960,13.46,-0.01,-0.1,10100000_00000000,1.4331047534942627,_M_00006,1
961,13.46,-0.01,-0.1,10100000_00000000,1.462101697921753,_M_00006,1
962,13.46,-0.006,-0.1,10100000_00000000,1.4900867938995361,_M_00006,1
963,13.46,-0.008,-0.1,10100000_00000000,1.5190296173095703,_M_00006,1
964,13.46,-0.008,-0.1,10100000_00000000,1.5470325946807861,_M_00006,1
965,13.46,-0.01,-0.1,10100000_00000000,1.5760998725891113,_M_00006,1
966,13.46,-0.008,-0.1,10100000_00000000,1.6041014194488525,_M_00006,1
967,13.46,-0.008,-0.1,10100000_00000000,1.6331629753112793,_M_00006,1
968,13.46,-0.01,-0.1,10100000_00000000,1.661104679107666,_M_00006,1
969,13.46,-0.008,-0.1,10100000_00000000,1.6901042461395264,_M_00006,1
970,13.46,-0.01,-0.1,10100000_00000000,1.719186544418335,_M_00006,1
971,13.46,-0.01,-0.1,10100000_00000000,1.7471776008605957,_M_00006,1
972,13.46,-0.012,-0.1,10100000_00000000,1.7763583660125732,_M_00006,1
973,13.46,-0.01,-0.1,10100000_00000000,1.804137945175171,_M_00006,1
974,13.48,-0.006,-0.1,10100000_00000000,1.8331000804901123,_M_00006,1
975,13.46,-0.006,-0.1,10100000_00000000,1.861104965209961,_M_00006,1
976,13.46,-0.008,-0.1,10100000_00000000,1.8901796340942383,_M_00006,1
977,13.46,-0.008,-0.1,10100000_00000000,1.9191672801971436,_M_00006,1
978,13.46,-0.008,-0.1,10100000_00000000,1.947176218032837,_M_00006,1
979,13.46,-0.008,-0.1,10100000_00000000,1.9761395454406738,_M_00006,1
840,13.46,-0.006,-0.1,10100000_00000000,2.0041043758392334,_M_00006,2
841,13.46,-0.006,-0.1,10100000_00000000,2.033107280731201,_M_00006,2
842,13.46,-0.008,-0.1,10100000_00000000,2.0611743927001953,_M_00006,2
843,13.46,-0.01,-0.1,10100000_00000000,2.090175151824951,_M_00006,2
844,13.46,-0.008,-0.1,10100000_00000000,2.119112491607666,_M_00006,2
845,13.46,-0.01,-0.1,10100000_00000000,2.1471102237701416,_M_00006,2
846,13.46,-0.008,-0.1,10100000_00000000,2.1761040687561035,_M_00006,2
847,13.46,-0.008,-0.1,10100000_00000000,2.204166889190674,_M_00006,2
848,13.46,-0.01,-0.1,10100000_00000000,2.233175039291382,_M_00006,2
849,13.46,-0.006,-0.1,10100000_00000000,2.2611758708953857,_M_00006,2
850,13.46,-0.01,-0.1,10100000_00000000,2.2901625633239746,_M_00006,2
851,13.46,-0.012,-0.2,10100000_00000000,2.319103717803955,_M_00006,2
852,13.46,-0.008,-0.1,10100000_00000000,2.3470993041992188,_M_00006,2
853,13.46,-0.008,-0.1,10100000_00000000,2.3761751651763916,_M_00006,2
854,13.46,-0.008,-0.1,10100000_00000000,2.4041600227355957,_M_00006,2
855,13.46,-0.01,-0.1,10100000_00000000,2.4331724643707275,_M_00006,2
856,13.46,-0.01,-0.1,10100000_00000000,2.4611129760742188,_M_00006,2
857,13.46,-0.01,-0.1,10100000_00000000,2.4901037216186523,_M_00006,2
858,13.46,-0.008,-0.1,10100000_00000000,2.519163131713867,_M_00006,2
859,13.46,-0.012,-0.1,10100000_00000000,2.547184705734253,_M_00006,2
860,13.46,-0.01,-0.1,10100000_00000000,2.5761749744415283,_M_00006,2
861,13.46,0.008,-0.1,11100000_00000000,2.6041603088378906,_M_00006,2
862,13.46,-0.008,-0.1,10100000_00000000,2.6330995559692383,_M_00006,2
863,13.48,-0.01,-0.1,10100000_00000000,2.6611034870147705,_M_00006,2
864,13.46,-0.01,-0.1,10100000_00000000,2.6901001930236816,_M_00006,2
865,13.46,-0.008,-0.1,10100000_00000000,2.719172954559326,_M_00006,2
866,13.46,-0.008,-0.1,10100000_00000000,2.74716854095459,_M_00006,2
867,13.46,-0.01,-0.1,10100000_00000000,2.7761001586914062,_M_00006,2
868,13.46,-0.01,-0.1,10100000_00000000,2.8041062355041504,_M_00006,2
869,13.46,-0.008,-0.1,10100000_00000000,2.833098888397217,_M_00006,2
870,13.46,-0.008,-0.1,10100000_00000000,2.8611602783203125,_M_00006,2
871,13.46,-0.008,-0.1,10100000_00000000,2.890160083770752,_M_00006,2
872,13.46,-0.008,-0.1,10100000_00000000,2.919163465499878,_M_00006,2
873,13.46,-0.01,-0.1,10100000_00000000,2.947124481201172,_M_00006,2
874,13.46,-0.008,-0.1,10100000_00000000,2.9760994911193848,_M_00006,2
875,13.46,-0.01,-0.1,10100000_00000000,3.0041725635528564,_M_00006,2
876,13.46,-0.008,-0.1,10100000_00000000,3.0331594944000244,_M_00006,2
877,13.46,-0.01,-0.1,10100000_00000000,3.061164379119873,_M_00006,2
878,13.46,-0.01,-0.1,10100000_00000000,3.090135335922241,_M_00006,2
879,13.46,-0.008,-0.1,10100000_00000000,3.119098424911499,_M_00006,2
880,13.46,-0.014,-0.2,10100000_00000000,3.1470983028411865,_M_00006,2
881,13.46,-0.01,-0.1,10100000_00000000,3.1761722564697266,_M_00006,2
882,13.46,-0.008,-0.1,10100000_00000000,3.2041823863983154,_M_00006,2
883,13.46,-0.01,-0.1,10100000_00000000,3.2331600189208984,_M_00006,2
884,13.46,-0.01,-0.1,10100000_00000000,3.2611031532287598,_M_00006,2
885,13.46,-0.01,-0.1,10100000_00000000,3.2901008129119873,_M_00006,2
886,13.46,-0.01,-0.1,10100000_00000000,3.319160223007202,_M_00006,2
887,13.46,-0.008,-0.1,10100000_00000000,3.347106695175171,_M_00006,2
888,13.46,-0.01,-0.1,10100000_00000000,3.376101016998291,_M_00006,2
889,13.46,0.008,-0.1,11100000_00000000,3.404134511947632,_M_00006,2
890,13.46,-0.008,-0.1,10100000_00000000,3.43310284614563,_M_00006,2
891,13.46,-0.008,-0.1,10100000_00000000,3.4610984325408936,_M_00006,2
892,13.46,0.006,-0.1,11100000_00000000,3.490159273147583,_M_00006,2
893,13.46,-0.008,-0.1,10100000_00000000,3.5191726684570312,_M_00006,2
894,13.46,-0.01,-0.1,10100000_00000000,3.5471723079681396,_M_00006,2
895,13.46,-0.008,-0.1,10100000_00000000,3.5761022567749023,_M_00006,2
896,13.46,-0.01,-0.1,10100000_00000000,3.60410213470459,_M_00006,2
897,13.46,-0.01,-0.1,10100000_00000000,3.6331632137298584,_M_00006,2
898,13.46,-0.01,-0.1,10100000_00000000,3.661158800125122,_M_00006,2
899,13.46,-0.008,-0.1,10100000_00000000,3.6901638507843018,_M_00006,2
900,13.46,-0.008,-0.1,10100000_00000000,3.7191085815429688,_M_00006,2
901,13.46,-0.008,-0.1,10100000_00000000,3.7470974922180176,_M_00006,2
902,13.46,-0.01,-0.1,10100000_00000000,3.776097536087036,_M_00006,2
903,13.46,0.008,-0.1,11100000_00000000,3.804176092147827,_M_00006,2
904,13.46,-0.008,-0.1,10100000_00000000,3.8331024646759033,_M_00006,2
905,13.46,-0.01,-0.1,10100000_00000000,3.8611855506896973,_M_00006,2
906,13.46,-0.01,-0.1,10100000_00000000,3.890101671218872,_M_00006,2
907,13.46,-0.012,-0.1,10100000_00000000,3.919106960296631,_M_00006,2
908,13.46,-0.012,-0.2,10100000_00000000,3.9471731185913086,_M_00006,2
909,13.46,-0.01,-0.1,10100000_00000000,3.976158380508423,_M_00006,2
770,13.46,-0.006,-0.1,10100000_00000000,4.004173278808594,_M_00006,3
771,13.46,-0.01,-0.1,10100000_00000000,4.033158302307129,_M_00006,3
772,13.46,-0.008,-0.1,10100000_00000000,4.061103582382202,_M_00006,3
773,13.46,-0.008,-0.1,10100000_00000000,4.090097188949585,_M_00006,3
774,13.46,-0.01,-0.1,10100000_00000000,4.1191840171813965,_M_00006,3
775,13.46,-0.01,-0.1,10100000_00000000,4.147160768508911,_M_00006,3
776,13.46,-0.008,-0.1,10100000_00000000,4.176172256469727,_M_00006,3
777,13.46,-0.008,-0.1,10100000_00000000,4.204105615615845,_M_00006,3
778,13.46,-0.008,-0.1,10100000_00000000,4.233272314071655,_M_00006,3
779,13.46,-0.012,-0.1,10100000_00000000,4.261274099349976,_M_00006,3
780,13.46,-0.01,-0.1,10100000_00000000,4.290260553359985,_M_00006,3
781,13.46,-0.012,-0.1,10100000_00000000,4.319257974624634,_M_00006,3
782,13.46,-0.012,-0.1,10100000_00000000,4.34720516204834,_M_00006,3
783,13.46,-0.008,-0.1,10100000_00000000,4.37619686126709,_M_00006,3
784,13.46,-0.008,-0.1,10100000_00000000,4.404273271560669,_M_00006,3
785,13.46,-0.008,-0.1,10100000_00000000,4.433270692825317,_M_00006,3
786,13.46,-0.008,-0.1,10100000_00000000,4.461259841918945,_M_00006,3
787,13.46,-0.008,-0.1,10100000_00000000,4.490208148956299,_M_00006,3
788,13.46,-0.01,-0.1,10100000_00000000,4.5221967697143555,_M_00006,3
789,13.46,-0.01,-0.1,10100000_00000000,4.5472731590271,_M_00006,3
790,13.46,-0.01,-0.1,10100000_00000000,4.578272342681885,_M_00006,3
791,13.46,-0.01,-0.1,10100000_00000000,4.604271173477173,_M_00006,3
792,13.46,-0.008,-0.1,10100000_00000000,4.635272741317749,_M_00006,3
793,13.46,-0.008,-0.1,10100000_00000000,4.661205053329468,_M_00006,3
794,13.46,-0.012,-0.1,10100000_00000000,4.692270755767822,_M_00006,3
795,13.46,-0.008,-0.1,10100000_00000000,4.720196723937988,_M_00006,3
796,13.46,-0.012,-0.1,10100000_00000000,4.749202728271484,_M_00006,3
797,13.46,-0.01,-0.1,10100000_00000000,4.777270317077637,_M_00006,3
798,13.46,-0.008,-0.1,10100000_00000000,4.806257963180542,_M_00006,3
799,13.46,-0.006,-0.1,10100000_00000000,4.834271669387817,_M_00006,3
800,13.46,-0.01,-0.1,10100000_00000000,4.863197088241577,_M_00006,3
801,13.46,-0.008,-0.1,10100000_00000000,4.891273736953735,_M_00006,3
802,13.46,-0.008,-0.1,10100000_00000000,4.9192705154418945,_M_00006,3
803,13.46,-0.008,-0.1,10100000_00000000,4.948271989822388,_M_00006,3
804,13.46,-0.01,-0.1,10100000_00000000,4.9762725830078125,_M_00006,3
805,13.46,-0.01,-0.1,10100000_00000000,5.005200624465942,_M_00006,3
806,13.46,-0.008,-0.1,10100000_00000000,5.033275604248047,_M_00006,3
807,13.46,-0.012,-0.1,10100000_00000000,5.0612711906433105,_M_00006,3
808,13.48,-0.01,-0.1,10100000_00000000,5.090270042419434,_M_00006,3
809,13.46,-0.01,-0.1,10100000_00000000,5.119200229644775,_M_00006,3
810,13.46,-0.008,-0.1,10100000_00000000,5.147207498550415,_M_00006,3
811,13.46,-0.008,-0.1,10100000_00000000,5.17625617980957,_M_00006,3
812,13.46,-0.008,-0.1,10100000_00000000,5.2042601108551025,_M_00006,3
813,13.46,-0.008,-0.1,10100000_00000000,5.233332395553589,_M_00006,3
814,13.46,-0.01,-0.1,10100000_00000000,5.26128625869751,_M_00006,3
815,13.46,-0.008,-0.1,10100000_00000000,5.290372610092163,_M_00006,3
816,13.46,-0.01,-0.1,10100000_00000000,5.318357467651367,_M_00006,3
817,13.46,-0.01,-0.1,10100000_00000000,5.347365617752075,_M_00006,3
818,13.46,-0.01,-0.1,10100000_00000000,5.376356840133667,_M_00006,3
819,13.46,-0.01,-0.1,10100000_00000000,5.404290676116943,_M_00006,3
820,13.46,-0.01,-0.1,10100000_00000000,5.4332897663116455,_M_00006,3
821,13.46,-0.008,-0.1,10100000_00000000,5.4613611698150635,_M_00006,3
822,13.46,-0.01,-0.1,10100000_00000000,5.490357398986816,_M_00006,3
823,13.46,-0.01,-0.1,10100000_00000000,5.518362760543823,_M_00006,3
824,13.46,-0.008,-0.1,10100000_00000000,5.547286510467529,_M_00006,3
825,13.46,-0.008,-0.1,10100000_00000000,5.576308727264404,_M_00006,3
826,13.46,-0.008,-0.1,10100000_00000000,5.6042869091033936,_M_00006,3
827,13.46,-0.012,-0.2,10100000_00000000,5.6333606243133545,_M_00006,3
828,13.46,-0.01,-0.1,10100000_00000000,5.661356687545776,_M_00006,3
829,13.46,-0.01,-0.1,10100000_00000000,5.6903674602508545,_M_00006,3
830,13.46,-0.01,-0.1,10100000_00000000,5.718307018280029,_M_00006,3
831,13.46,-0.008,-0.1,10100000_00000000,5.747293949127197,_M_00006,3
832,13.46,-0.01,-0.1,10100000_00000000,5.776355504989624,_M_00006,3
833,13.46,-0.008,-0.1,10100000_00000000,5.804360628128052,_M_00006,3
834,13.46,-0.01,-0.1,10100000_00000000,5.833356857299805,_M_00006,3
835,13.46,-0.008,-0.1,10100000_00000000,5.861361026763916,_M_00006,3
836,13.46,-0.01,-0.1,10100000_00000000,5.890290260314941,_M_00006,3
837,13.46,0.01,-0.1,11100000_00000000,5.918285608291626,_M_00006,3
838,13.46,-0.008,-0.1,10100000_00000000,5.947305917739868,_M_00006,3
839,13.46,-0.01,-0.1,10100000_00000000,5.976359605789185,_M_00006,3
700,13.46,-0.01,-0.2,10100000_00000000,6.004356384277344,_M_00006,4
701,13.46,-0.006,-0.1,10100000_00000000,6.033331394195557,_M_00006,4
702,13.46,-0.01,-0.2,10100000_00000000,6.061291217803955,_M_00006,4
703,13.46,-0.008,-0.1,10100000_00000000,6.090285301208496,_M_00006,4
704,13.46,-0.01,-0.1,10100000_00000000,6.118365526199341,_M_00006,4
705,13.46,-0.01,-0.1,10100000_00000000,6.147355318069458,_M_00006,4
706,13.46,-0.008,-0.1,10100000_00000000,6.1763598918914795,_M_00006,4
707,13.46,-0.008,-0.1,10100000_00000000,6.204289674758911,_M_00006,4
708,13.48,-0.008,-0.1,10100000_00000000,6.233285188674927,_M_00006,4
709,13.46,-0.01,-0.1,10100000_00000000,6.261354446411133,_M_00006,4
710,13.46,-0.008,-0.1,10100000_00000000,6.290355205535889,_M_00006,4
711,13.46,-0.01,-0.1,10100000_00000000,6.318363189697266,_M_00006,4
712,13.46,-0.006,-0.1,10100000_00000000,6.347289562225342,_M_00006,4
713,13.46,-0.01,-0.1,10100000_00000000,6.376285076141357,_M_00006,4
714,13.46,-0.008,-0.1,10100000_00000000,6.404289722442627,_M_00006,4
715,13.46,0.01,-0.1,11100000_00000000,6.4333555698394775,_M_00006,4
716,13.46,-0.008,-0.1,10100000_00000000,6.461356163024902,_M_00006,4
717,13.46,-0.008,-0.1,10100000_00000000,6.49037504196167,_M_00006,4
718,13.46,-0.008,-0.1,10100000_00000000,6.51828932762146,_M_00006,4
719,13.46,-0.01,-0.1,10100000_00000000,6.547285556793213,_M_00006,4
720,13.46,-0.008,-0.1,10100000_00000000,6.576368808746338,_M_00006,4
721,13.46,0.008,-0.1,11100000_00000000,6.604358673095703,_M_00006,4
722,13.46,-0.008,-0.1,10100000_00000000,6.6333794593811035,_M_00006,4
723,13.46,-0.01,-0.1,10100000_00000000,6.661357641220093,_M_00006,4
724,13.46,-0.006,-0.1,10100000_00000000,6.69028902053833,_M_00006,4
725,13.46,-0.008,-0.1,10100000_00000000,6.718284845352173,_M_00006,4
726,13.46,-0.01,-0.1,10100000_00000000,6.747363090515137,_M_00006,4
727,13.46,-0.008,-0.1,10100000_00000000,6.776354551315308,_M_00006,4
728,13.46,-0.01,-0.1,10100000_00000000,6.804363012313843,_M_00006,4
729,13.46,-0.01,-0.1,10100000_00000000,6.833292007446289,_M_00006,4
730,13.46,-0.008,-0.1,10100000_00000000,6.861285924911499,_M_00006,4
731,13.46,-0.01,-0.1,10100000_00000000,6.890357971191406,_M_00006,4
732,13.46,-0.008,-0.1,10100000_00000000,6.91836142539978,_M_00006,4
733,13.46,-0.008,-0.1,10100000_00000000,6.9473559856414795,_M_00006,4
734,13.46,-0.008,-0.1,10100000_00000000,6.976354598999023,_M_00006,4
735,13.46,0.008,-0.1,11100000_00000000,7.004284381866455,_M_00006,4
736,13.46,-0.01,-0.1,10100000_00000000,7.033284664154053,_M_00006,4
737,13.46,-0.008,-0.1,10100000_00000000,7.061353921890259,_M_00006,4
738,13.46,-0.01,-0.1,10100000_00000000,7.0903685092926025,_M_00006,4
739,13.46,-0.008,-0.1,10100000_00000000,7.1183552742004395,_M_00006,4
740,13.46,-0.008,-0.1,10100000_00000000,7.147304058074951,_M_00006,4
741,13.46,-0.008,-0.1,10100000_00000000,7.17629075050354,_M_00006,4
742,13.46,-0.008,-0.1,10100000_00000000,7.204358816146851,_M_00006,4
743,13.46,-0.01,-0.1,10100000_00000000,7.233356237411499,_M_00006,4
744,13.46,-0.006,-0.1,10100000_00000000,7.261354446411133,_M_00006,4
745,13.46,-0.008,-0.1,10100000_00000000,7.290354490280151,_M_00006,4
746,13.46,-0.008,-0.1,10100000_00000000,7.318284034729004,_M_00006,4
747,13.46,-0.008,-0.1,10100000_00000000,7.347288370132446,_M_00006,4
748,13.46,-0.008,-0.1,10100000_00000000,7.376354455947876,_M_00006,4
749,13.46,-0.008,-0.1,10100000_00000000,7.40435791015625,_M_00006,4
750,13.46,-0.01,-0.1,10100000_00000000,7.432358741760254,_M_00006,4
751,13.46,-0.008,-0.1,10100000_00000000,7.461303949356079,_M_00006,4
752,13.46,-0.01,-0.1,10100000_00000000,7.49013090133667,_M_00006,4
753,13.46,-0.008,-0.1,10100000_00000000,7.519102096557617,_M_00006,4
754,13.46,-0.008,-0.1,10100000_00000000,7.547063827514648,_M_00006,4
755,13.46,-0.008,-0.1,10100000_00000000,7.576056480407715,_M_00006,4
756,13.46,-0.008,-0.1,10100000_00000000,7.6041340827941895,_M_00006,4
757,13.46,-0.01,-0.1,10100000_00000000,7.633130311965942,_M_00006,4
758,13.46,-0.008,-0.1,10100000_00000000,7.662129163742065,_M_00006,4
759,13.46,-0.008,-0.1,10100000_00000000,7.690062761306763,_M_00006,4
760,13.46,-0.01,-0.1,10100000_00000000,7.719059705734253,_M_00006,4
761,13.46,-0.008,-0.1,10100000_00000000,7.747072219848633,_M_00006,4
762,13.46,-0.008,-0.1,10100000_00000000,7.7761290073394775,_M_00006,4
763,13.46,-0.008,-0.1,10100000_00000000,7.8041298389434814,_M_00006,4
764,13.46,-0.006,-0.1,10100000_00000000,7.8330793380737305,_M_00006,4
765,13.46,-0.008,-0.1,10100000_00000000,7.862059593200684,_M_00006,4
766,13.46,-0.006,0.0,10100000_00000000,7.890056610107422,_M_00006,4
767,13.46,-0.008,-0.1,10100000_00000000,7.919137477874756,_M_00006,4
768,13.46,-0.008,-0.1,10100000_00000000,7.947160482406616,_M_00006,4
769,13.46,-0.008,-0.1,10100000_00000000,7.976109504699707,_M_00006,4
630,13.46,-0.01,-0.1,10100000_00000000,8.00406265258789,_M_00006,5
631,13.46,-0.008,-0.1,10100000_00000000,8.033055305480957,_M_00006,5
632,13.46,-0.008,-0.1,10100000_00000000,8.062131881713867,_M_00006,5
633,13.46,-0.008,-0.1,10100000_00000000,8.090129137039185,_M_00006,5
634,13.46,-0.008,-0.1,10100000_00000000,8.119141817092896,_M_00006,5
635,13.46,0.012,-0.1,11100000_00000000,8.147107124328613,_M_00006,5
636,13.46,-0.008,-0.1,10100000_00000000,8.176063060760498,_M_00006,5
637,13.46,-0.008,-0.1,10100000_00000000,8.204063177108765,_M_00006,5
638,13.46,-0.01,-0.1,10100000_00000000,8.233133792877197,_M_00006,5
639,13.46,-0.008,-0.1,10100000_00000000,8.262134075164795,_M_00006,5
640,13.46,-0.008,-0.1,10100000_00000000,8.290130138397217,_M_00006,5
641,13.46,-0.008,-0.1,10100000_00000000,8.319059371948242,_M_00006,5
642,13.46,-0.008,-0.1,10100000_00000000,8.347054481506348,_M_00006,5
643,13.46,-0.01,-0.1,10100000_00000000,8.376129627227783,_M_00006,5
644,13.46,-0.01,-0.1,10100000_00000000,8.404129266738892,_M_00006,5
645,13.46,-0.008,-0.1,10100000_00000000,8.433142900466919,_M_00006,5
646,13.46,0.006,-0.1,11100000_00000000,8.462133646011353,_M_00006,5
647,13.46,-0.01,-0.1,10100000_00000000,8.490058660507202,_M_00006,5
648,13.46,0.008,-0.1,11100000_00000000,8.51907730102539,_M_00006,5
649,13.46,-0.008,-0.1,10100000_00000000,8.547142744064331,_M_00006,5
650,13.46,-0.01,-0.1,10100000_00000000,8.576130390167236,_M_00006,5
651,13.46,-0.01,-0.1,10100000_00000000,8.604127168655396,_M_00006,5
652,13.48,-0.008,-0.1,10100000_00000000,8.633082151412964,_M_00006,5
653,13.46,-0.008,-0.1,10100000_00000000,8.661060571670532,_M_00006,5
654,13.46,-0.01,-0.1,10100000_00000000,8.69006061553955,_M_00006,5
655,13.46,-0.008,-0.1,10100000_00000000,8.719055891036987,_M_00006,5
656,13.46,-0.006,-0.1,10100000_00000000,8.74713921546936,_M_00006,5
657,13.46,-0.008,-0.1,10100000_00000000,8.776129007339478,_M_00006,5
658,13.46,-0.01,-0.1,10100000_00000000,8.80405855178833,_M_00006,5
659,13.46,-0.008,-0.1,10100000_00000000,8.833054065704346,_M_00006,5
660,13.46,-0.008,-0.1,10100000_00000000,8.861127853393555,_M_00006,5
661,13.46,-0.01,-0.1,10100000_00000000,8.89011025428772,_M_00006,5
662,13.46,-0.008,-0.1,10100000_00000000,8.919127225875854,_M_00006,5
663,13.46,-0.01,-0.1,10100000_00000000,8.947128295898438,_M_00006,5
664,13.46,-0.006,-0.1,10100000_00000000,8.9760582447052,_M_00006,5
665,13.46,-0.006,-0.1,10100000_00000000,9.004058599472046,_M_00006,5
666,13.46,-0.008,-0.1,10100000_00000000,9.033128261566162,_M_00006,5
667,13.46,0.008,-0.1,11100000_00000000,9.062127828598022,_M_00006,5
668,13.46,-0.01,-0.1,10100000_00000000,9.090128660202026,_M_00006,5
669,13.46,-0.008,-0.1,10100000_00000000,9.119101762771606,_M_00006,5
670,13.46,-0.008,-0.1,10100000_00000000,9.147059202194214,_M_00006,5
671,13.46,-0.008,-0.1,10100000_00000000,9.1760573387146,_M_00006,5
672,13.46,-0.008,-0.1,10100000_00000000,9.204129457473755,_M_00006,5
673,13.46,-0.01,-0.1,10100000_00000000,9.233129501342773,_M_00006,5
674,13.46,-0.008,-0.1,10100000_00000000,9.262132406234741,_M_00006,5
675,13.46,-0.01,-0.1,10100000_00000000,9.290076971054077,_M_00006,5
676,13.46,-0.01,-0.1,10100000_00000000,9.319059371948242,_M_00006,5
677,13.46,-0.008,-0.1,10100000_00000000,9.347057580947876,_M_00006,5
678,13.46,-0.01,-0.1,10100000_00000000,9.376127243041992,_M_00006,5
679,13.46,-0.01,-0.1,10100000_00000000,9.404128313064575,_M_00006,5
680,13.46,-0.01,-0.1,10100000_00000000,9.433054208755493,_M_00006,5
681,13.46,-0.01,-0.1,10100000_00000000,9.465053081512451,_M_00006,5
682,13.46,-0.01,-0.1,10100000_00000000,9.490053176879883,_M_00006,5
683,13.46,-0.008,-0.1,10100000_00000000,9.522093772888184,_M_00006,5
684,13.46,-0.008,-0.1,10100000_00000000,9.547130346298218,_M_00006,5
685,13.46,-0.008,-0.1,10100000_00000000,9.578128099441528,_M_00006,5
686,13.46,-0.008,-0.1,10100000_00000000,9.607102155685425,_M_00006,5
687,13.46,0.01,-0.1,11100000_00000000,9.635141611099243,_M_00006,5
688,13.46,-0.006,-0.1,10100000_00000000,9.664140224456787,_M_00006,5
689,13.46,-0.012,-0.2,10100000_00000000,9.69218373298645,_M_00006,5
690,13.46,-0.008,-0.1,10100000_00000000,9.720052719116211,_M_00006,5
691,13.46,-0.008,-0.1,10100000_00000000,9.749139547348022,_M_00006,5
692,13.46,-0.01,-0.1,10100000_00000000,9.777138710021973,_M_00006,5
693,13.46,-0.008,-0.1,10100000_00000000,9.806057453155518,_M_00006,5
694,13.46,-0.01,-0.1,10100000_00000000,9.834129333496094,_M_00006,5
695,13.46,-0.008,-0.1,10100000_00000000,9.862126588821411,_M_00006,5
696,13.46,-0.01,-0.1,10100000_00000000,9.891127109527588,_M_00006,5
697,13.46,-0.008,-0.1,10100000_00000000,9.919138193130493,_M_00006,5
698,13.46,-0.008,-0.1,10100000_00000000,9.94813060760498,_M_00006,5
699,13.46,-0.006,-0.1,10100000_00000000,9.97612738609314,_M_00006,5
560,13.46,-0.01,-0.1,10100000_00000000,10.005053758621216,_M_00006,6
561,13.46,-0.01,-0.1,10100000_00000000,10.03312635421753,_M_00006,6
562,13.46,-0.008,-0.1,10100000_00000000,10.062127590179443,_M_00006,6
563,13.46,-0.008,-0.1,10100000_00000000,10.090128660202026,_M_00006,6
564,13.46,-0.01,-0.1,10100000_00000000,10.119053363800049,_M_00006,6
565,13.46,-0.008,-0.1,10100000_00000000,10.147127866744995,_M_00006,6
566,13.46,-0.008,-0.1,10100000_00000000,10.17612600326538,_M_00006,6
567,13.46,-0.008,-0.1,10100000_00000000,10.204126119613647,_M_00006,6
568,13.46,-0.01,-0.1,10100000_00000000,10.233134031295776,_M_00006,6
569,13.46,-0.01,-0.1,10100000_00000000,10.262075185775757,_M_00006,6
570,13.46,-0.008,-0.1,10100000_00000000,10.290053367614746,_M_00006,6
571,13.46,-0.008,-0.1,10100000_00000000,10.319053173065186,_M_00006,6
572,13.46,-0.008,-0.1,10100000_00000000,10.347124814987183,_M_00006,6
573,13.46,-0.01,-0.1,10100000_00000000,10.376126766204834,_M_00006,6
574,13.46,-0.012,-0.1,10100000_00000000,10.40414047241211,_M_00006,6
575,13.46,0.01,-0.1,11100000_00000000,10.433056592941284,_M_00006,6
576,13.46,-0.008,-0.1,10100000_00000000,10.46205735206604,_M_00006,6
577,13.46,-0.008,-0.1,10100000_00000000,10.490126848220825,_M_00006,6
578,13.46,-0.012,-0.2,10100000_00000000,10.519133806228638,_M_00006,6
579,13.46,-0.008,-0.1,10100000_00000000,10.547125577926636,_M_00006,6
580,13.46,-0.012,-0.1,10100000_00000000,10.576125144958496,_M_00006,6
581,13.46,-0.008,-0.1,10100000_00000000,10.604058742523193,_M_00006,6
582,13.46,-0.008,-0.1,10100000_00000000,10.63305401802063,_M_00006,6
583,13.46,0.01,-0.1,11100000_00000000,10.662136554718018,_M_00006,6
584,13.46,0.01,-0.1,11100000_00000000,10.690124988555908,_M_00006,6
585,13.46,-0.008,-0.1,10100000_00000000,10.71913480758667,_M_00006,6
586,13.46,-0.006,-0.1,10100000_00000000,10.74709939956665,_M_00006,6
587,13.46,-0.008,-0.1,10100000_00000000,10.776056289672852,_M_00006,6
588,13.46,-0.012,-0.1,10100000_00000000,10.80412769317627,_M_00006,6
589,13.46,0.006,-0.1,11100000_00000000,10.833145141601562,_M_00006,6
590,13.48,-0.01,-0.1,10100000_00000000,10.862075567245483,_M_00006,6
591,13.46,0.008,-0.1,11100000_00000000,10.890127182006836,_M_00006,6
592,13.46,-0.01,-0.1,10100000_00000000,10.919081687927246,_M_00006,6
593,13.46,-0.006,-0.1,10100000_00000000,10.947051525115967,_M_00006,6
594,13.46,-0.006,-0.1,10100000_00000000,10.976052522659302,_M_00006,6
595,13.46,0.01,-0.1,11100000_00000000,11.004125595092773,_M_00006,6
596,13.46,-0.01,-0.1,10100000_00000000,11.033056020736694,_M_00006,6
597,13.46,-0.01,-0.1,10100000_00000000,11.062124967575073,_M_00006,6
598,13.46,-0.008,-0.1,10100000_00000000,11.090055704116821,_M_00006,6
599,13.46,-0.008,-0.1,10100000_00000000,11.119060277938843,_M_00006,6
600,13.46,-0.008,-0.1,10100000_00000000,11.147125005722046,_M_00006,6
601,13.46,-0.008,-0.1,10100000_00000000,11.176132917404175,_M_00006,6
602,13.46,-0.01,-0.1,10100000_00000000,11.20412540435791,_M_00006,6
603,13.46,-0.01,-0.1,10100000_00000000,11.23313856124878,_M_00006,6
604,13.46,-0.01,-0.1,10100000_00000000,11.262082815170288,_M_00006,6
605,13.46,-0.008,-0.1,10100000_00000000,11.290050745010376,_M_00006,6
606,13.46,-0.008,-0.1,10100000_00000000,11.319124460220337,_M_00006,6
607,13.46,-0.006,-0.1,10100000_00000000,11.347808599472046,_M_00006,6
608,13.46,-0.008,-0.1,10100000_00000000,11.375749349594116,_M_00006,6
609,13.46,-0.008,-0.1,10100000_00000000,11.404737710952759,_M_00006,6
610,13.46,-0.01,-0.1,10100000_00000000,11.432817935943604,_M_00006,6
611,13.46,-0.008,-0.1,10100000_00000000,11.461745262145996,_M_00006,6
612,13.46,-0.008,-0.1,10100000_00000000,11.489825010299683,_M_00006,6
613,13.46,-0.008,-0.1,10100000_00000000,11.518773555755615,_M_00006,6
614,13.46,-0.008,-0.1,10100000_00000000,11.547749519348145,_M_00006,6
615,13.46,-0.012,-0.1,10100000_00000000,11.575814962387085,_M_00006,6
616,13.46,-0.008,-0.1,10100000_00000000,11.604814291000366,_M_00006,6
617,13.46,-0.006,-0.1,10100000_00000000,11.632813692092896,_M_00006,6
618,13.46,-0.006,-0.1,10100000_00000000,11.661736726760864,_M_00006,6
619,13.46,-0.01,-0.1,10100000_00000000,11.689773321151733,_M_00006,6
620,13.46,0.006,-0.1,11100000_00000000,11.718737363815308,_M_00006,6
621,13.46,-0.01,-0.1,10100000_00000000,11.747813701629639,_M_00006,6
622,13.46,-0.008,-0.1,10100000_00000000,11.775813579559326,_M_00006,6
623,13.46,-0.008,-0.1,10100000_00000000,11.804814577102661,_M_00006,6
624,13.46,-0.01,-0.1,10100000_00000000,11.832814455032349,_M_00006,6
625,13.46,-0.008,-0.1,10100000_00000000,11.861740827560425,_M_00006,6
626,13.46,-0.008,-0.1,10100000_00000000,11.889785528182983,_M_00006,6
627,13.46,-0.01,-0.1,10100000_00000000,11.918850421905518,_M_00006,6
628,13.46,-0.008,-0.1,10100000_00000000,11.947813510894775,_M_00006,6
629,13.46,-0.008,-0.1,10100000_00000000,11.975910425186157,_M_00006,6
490,13.46,-0.008,-0.1,10100000_00000000,12.004774570465088,_M_00006,7
491,13.46,-0.008,-0.1,10100000_00000000,12.032748460769653,_M_00006,7
492,13.46,-0.01,-0.1,10100000_00000000,12.061740159988403,_M_00006,7
493,13.46,-0.006,-0.1,10100000_00000000,12.08981204032898,_M_00006,7
494,13.46,-0.008,-0.1,10100000_00000000,12.118810176849365,_M_00006,7
495,13.46,-0.006,-0.1,10100000_00000000,12.147813558578491,_M_00006,7
496,13.46,0.006,-0.1,11100000_00000000,12.175799369812012,_M_00006,7
497,13.46,-0.01,-0.1,10100000_00000000,12.204748630523682,_M_00006,7
498,13.46,-0.006,-0.1,10100000_00000000,12.232810020446777,_M_00006,7
499,13.46,-0.012,-0.1,10100000_00000000,12.26181173324585,_M_00006,7
500,13.46,-0.008,-0.1,10100000_00000000,12.289810180664062,_M_00006,7
501,13.46,-0.006,-0.1,10100000_00000000,12.318809747695923,_M_00006,7
502,13.48,-0.012,-0.2,10100000_00000000,12.346827030181885,_M_00006,7
503,13.46,-0.008,-0.1,10100000_00000000,12.375834703445435,_M_00006,7
504,13.46,-0.008,-0.1,10100000_00000000,12.404898166656494,_M_00006,7
505,13.46,0.008,-0.1,11100000_00000000,12.432909727096558,_M_00006,7
506,13.46,-0.008,-0.1,10100000_00000000,12.46190071105957,_M_00006,7
507,13.48,-0.008,-0.1,10100000_00000000,12.49025845527649,_M_00006,7
508,13.46,-0.008,-0.1,10100000_00000000,12.51924753189087,_M_00006,7
509,13.48,-0.01,-0.1,10100000_00000000,12.547189235687256,_M_00006,7
510,13.46,-0.008,-0.1,10100000_00000000,12.576183795928955,_M_00006,7
511,13.46,-0.008,-0.1,10100000_00000000,12.604255199432373,_M_00006,7
512,13.46,-0.01,-0.1,10100000_00000000,12.633260250091553,_M_00006,7
513,13.46,-0.008,-0.1,10100000_00000000,12.661254167556763,_M_00006,7
514,13.46,-0.008,-0.1,10100000_00000000,12.690184831619263,_M_00006,7
515,13.46,-0.008,-0.1,10100000_00000000,12.719191789627075,_M_00006,7
516,13.46,-0.008,-0.1,10100000_00000000,12.747183322906494,_M_00006,7
517,13.46,-0.008,-0.1,10100000_00000000,12.776247501373291,_M_00006,7
518,13.46,-0.008,-0.1,10100000_00000000,12.804247856140137,_M_00006,7
519,13.46,-0.008,-0.1,10100000_00000000,12.833250761032104,_M_00006,7
520,13.46,-0.008,-0.1,10100000_00000000,12.861248254776001,_M_00006,7
521,13.46,-0.006,-0.1,10100000_00000000,12.890187740325928,_M_00006,7
522,13.46,-0.008,-0.1,10100000_00000000,12.919183015823364,_M_00006,7
523,13.46,-0.008,-0.1,10100000_00000000,12.94718313217163,_M_00006,7
524,13.46,0.01,-0.1,11100000_00000000,12.976191759109497,_M_00006,7
525,13.46,-0.008,-0.1,10100000_00000000,13.00424838066101,_M_00006,7
526,13.46,-0.006,-0.1,10100000_00000000,13.033254384994507,_M_00006,7
527,13.46,-0.01,-0.1,10100000_00000000,13.061182975769043,_M_00006,7
528,13.46,-0.01,-0.1,10100000_00000000,13.090182781219482,_M_00006,7
529,13.46,-0.01,-0.1,10100000_00000000,13.119252681732178,_M_00006,7
530,13.46,-0.01,-0.1,10100000_00000000,13.147257566452026,_M_00006,7
531,13.46,-0.01,-0.1,10100000_00000000,13.176271915435791,_M_00006,7
532,13.46,-0.008,-0.1,10100000_00000000,13.204221963882446,_M_00006,7
533,13.46,-0.01,-0.1,10100000_00000000,13.233187198638916,_M_00006,7
534,13.46,0.008,-0.1,11100000_00000000,13.261257648468018,_M_00006,7
535,13.46,-0.008,-0.1,10100000_00000000,13.29025912284851,_M_00006,7
536,13.46,-0.008,-0.1,10100000_00000000,13.31924819946289,_M_00006,7
537,13.46,0.01,-0.1,11100000_00000000,13.34725308418274,_M_00006,7
538,13.46,-0.006,-0.1,10100000_00000000,13.37619662284851,_M_00006,7
539,13.46,-0.01,-0.1,10100000_00000000,13.40418267250061,_M_00006,7
540,13.46,-0.008,-0.1,10100000_00000000,13.433186531066895,_M_00006,7
541,13.46,-0.006,-0.1,10100000_00000000,13.461200714111328,_M_00006,7
542,13.46,-0.008,-0.1,10100000_00000000,13.490221738815308,_M_00006,7
543,13.46,-0.01,-0.1,10100000_00000000,13.519256591796875,_M_00006,7
544,13.46,-0.008,-0.1,10100000_00000000,13.547186613082886,_M_00006,7
545,13.48,-0.006,-0.1,10100000_00000000,13.57618260383606,_M_00006,7
546,13.46,0.01,-0.1,11100000_00000000,13.604247570037842,_M_00006,7
547,13.46,-0.008,-0.1,10100000_00000000,13.633249759674072,_M_00006,7
548,13.46,0.008,-0.1,11100000_00000000,13.661248207092285,_M_00006,7
549,13.46,-0.01,-0.1,10100000_00000000,13.690223693847656,_M_00006,7
550,13.46,-0.008,-0.1,10100000_00000000,13.719182014465332,_M_00006,7
551,13.46,-0.01,-0.1,10100000_00000000,13.747182369232178,_M_00006,7
552,13.46,-0.01,-0.1,10100000_00000000,13.776267766952515,_M_00006,7
553,13.46,-0.008,-0.1,10100000_00000000,13.804254531860352,_M_00006,7
554,13.46,-0.008,-0.1,10100000_00000000,13.83325743675232,_M_00006,7
555,13.46,-0.008,-0.1,10100000_00000000,13.86119556427002,_M_00006,7
556,13.46,-0.01,-0.1,10100000_00000000,13.889183282852173,_M_00006,7
557,13.46,-0.006,-0.1,10100000_00000000,13.919262170791626,_M_00006,7
558,13.48,-0.012,-0.2,10100000_00000000,13.947245359420776,_M_00006,7
559,13.46,-0.012,-0.1,10100000_00000000,13.976256370544434,_M_00006,7
420,13.46,-0.008,-0.1,10100000_00000000,14.004256963729858,_M_00006,8
421,13.46,-0.01,-0.1,10100000_00000000,14.03325867652893,_M_00006,8
422,13.46,-0.008,-0.1,10100000_00000000,14.061182975769043,_M_00006,8
423,13.46,-0.006,-0.1,10100000_00000000,14.090246438980103,_M_00006,8
424,13.46,-0.006,-0.1,10100000_00000000,14.119245767593384,_M_00006,8
425,13.48,-0.006,-0.1,10100000_00000000,14.14725637435913,_M_00006,8
426,13.46,-0.012,-0.1,10100000_00000000,14.176251411437988,_M_00006,8
427,13.46,0.006,-0.1,11100000_00000000,14.204186201095581,_M_00006,8
428,13.46,-0.008,-0.1,10100000_00000000,14.233181715011597,_M_00006,8
429,13.48,-0.008,-0.1,10100000_00000000,14.26125693321228,_M_00006,8
430,13.46,-0.01,-0.1,10100000_00000000,14.290267944335938,_M_00006,8
431,13.46,-0.008,-0.1,10100000_00000000,14.319246053695679,_M_00006,8
432,13.46,-0.01,-0.1,10100000_00000000,14.347220420837402,_M_00006,8
433,13.46,-0.008,-0.1,10100000_00000000,14.376182556152344,_M_00006,8
434,13.46,0.012,-0.1,11100000_00000000,14.403184175491333,_M_00006,8
435,13.46,-0.01,-0.1,10100000_00000000,14.433256149291992,_M_00006,8
436,13.46,-0.008,-0.1,10100000_00000000,14.461223125457764,_M_00006,8
437,13.46,-0.012,-0.1,10100000_00000000,14.490182399749756,_M_00006,8
438,13.46,-0.012,-0.2,10100000_00000000,14.5192232131958,_M_00006,8
439,13.46,-0.008,-0.1,10100000_00000000,14.547181844711304,_M_00006,8
440,13.46,-0.008,-0.1,10100000_00000000,14.578261375427246,_M_00006,8
441,13.46,-0.008,-0.1,10100000_00000000,14.60425877571106,_M_00006,8
442,13.48,-0.008,-0.1,10100000_00000000,14.635255813598633,_M_00006,8
443,13.48,-0.008,-0.1,10100000_00000000,14.661227941513062,_M_00006,8
444,13.46,-0.008,-0.1,10100000_00000000,14.69225549697876,_M_00006,8
445,13.46,-0.008,-0.1,10100000_00000000,14.72118091583252,_M_00006,8
446,13.46,-0.008,-0.1,10100000_00000000,14.749181985855103,_M_00006,8
447,13.46,-0.008,-0.1,10100000_00000000,14.77725601196289,_M_00006,8
448,13.46,-0.01,-0.1,10100000_00000000,14.806182146072388,_M_00006,8
449,13.46,-0.01,-0.1,10100000_00000000,14.83426022529602,_M_00006,8
450,13.46,-0.008,-0.1,10100000_00000000,14.863189935684204,_M_00006,8
451,13.46,-0.01,-0.1,10100000_00000000,14.891266345977783,_M_00006,8
452,13.46,-0.008,-0.1,10100000_00000000,14.920181512832642,_M_00006,8
453,13.46,-0.006,-0.1,10100000_00000000,14.948256015777588,_M_00006,8
454,13.46,-0.01,-0.2,10100000_00000000,14.976465702056885,_M_00006,8
455,13.46,-0.008,-0.1,10100000_00000000,15.005244493484497,_M_00006,8
456,13.46,-0.008,-0.1,10100000_00000000,15.033255338668823,_M_00006,8
457,13.46,-0.008,-0.1,10100000_00000000,15.0621817111969,_M_00006,8
458,13.46,-0.012,-0.2,10100000_00000000,15.090265989303589,_M_00006,8
459,0.69,35.267,24.7,11100000_00010001,15.15326189994812,_M_00006,8
460,0.69,35.267,24.7,11100000_00010001,15.15726900100708,_M_00006,8
461,0.69,35.249,24.8,11100000_00010001,15.176183700561523,_M_00006,8
462,0.69,35.229,24.7,11100000_00010001,15.204257011413574,_M_00006,8
463,0.69,35.241,24.8,11100000_00010001,15.233240127563477,_M_00006,8
464,0.69,35.243,24.8,11100000_00010001,15.26127576828003,_M_00006,8
465,0.69,35.263,24.7,11100000_00010001,15.290222883224487,_M_00006,8
466,0.69,35.243,24.8,11100000_00010001,15.31918454170227,_M_00006,8
467,0.69,35.245,24.7,11100000_00010001,15.347265481948853,_M_00006,8
468,0.69,35.245,24.8,11100000_00010001,15.376253843307495,_M_00006,8
469,0.69,35.247,24.8,11100000_00010001,15.404244184494019,_M_00006,8
470,0.69,35.225,24.8,11100000_00010001,15.433232307434082,_M_00006,8
471,0.69,35.247,24.9,11100000_00010001,15.461184740066528,_M_00006,8
472,0.69,35.263,24.9,11100000_00010001,15.49018383026123,_M_00006,8
473,0.69,35.267,24.7,11100000_00010001,15.51918077468872,_M_00006,8
474,0.69,35.241,24.6,11100000_00010001,15.547255277633667,_M_00006,8
475,0.69,35.298,24.9,11100000_00010001,15.576252460479736,_M_00006,8
476,0.69,35.239,24.9,11100000_00010001,15.604218244552612,_M_00006,8
477,0.0,0.016,0.0,01100000_00010001,15.634267807006836,_M_00006,8
478,0.01,0.012,0.0,01100000_00010001,15.661257982254028,_M_00006,8
479,0.0,0.014,0.0,01100000_00010001,15.690255641937256,_M_00006,8
480,0.0,0.014,0.0,01100000_00010001,15.719255924224854,_M_00006,8
481,0.01,0.008,0.0,01100000_00010001,15.747254133224487,_M_00006,8
482,0.01,0.01,0.0,01100000_00010001,15.776257038116455,_M_00006,8
483,0.01,0.006,0.0,01100000_00010001,15.804253816604614,_M_00006,8
484,0.01,0.01,0.0,01100000_00010001,15.833237886428833,_M_00006,8
485,0.01,0.006,0.0,01100000_00010001,15.861254692077637,_M_00006,8
486,0.01,0.01,0.0,01100000_00010001,15.890259981155396,_M_00006,8
487,0.01,0.01,0.0,01100000_00010001,15.919253826141357,_M_00006,8
488,0.01,0.008,0.0,01100000_00010001,15.947253465652466,_M_00006,8
489,0.0,0.012,0.0,01100000_00010001,15.975255727767944,_M_00006,8
350,0.01,0.008,0.0,01100000_00010001,16.004180908203125,_M_00006,9
351,0.01,0.006,0.0,01100000_00010001,16.033254861831665,_M_00006,9
352,0.0,0.01,0.0,01100000_00010001,16.06124997138977,_M_00006,9
353,0.01,0.008,0.0,01100000_00010001,16.090254545211792,_M_00006,9
354,0.01,0.008,0.0,01100000_00010001,16.11925482749939,_M_00006,9
355,0.0,0.012,0.0,01100000_00010001,16.147266626358032,_M_00006,9
356,0.01,0.008,0.0,01100000_00010001,16.176252841949463,_M_00006,9
357,0.01,0.008,0.0,01100000_00010001,16.20425319671631,_M_00006,9
358,0.0,0.01,0.0,01100000_00010001,16.233262300491333,_M_00006,9
359,0.01,-0.006,0.0,10100000_00000001,16.26218295097351,_M_00006,9
360,0.01,0.008,0.0,01100000_00010001,16.290257692337036,_M_00006,9
361,0.01,0.008,0.0,01100000_00010001,16.31925344467163,_M_00006,9
362,0.0,0.006,0.0,01100000_00010001,16.347253561019897,_M_00006,9
363,0.01,0.006,0.0,01100000_00010001,16.377265691757202,_M_00006,9
364,0.0,0.01,0.0,01100000_00010001,16.406180143356323,_M_00006,9
365,0.0,0.008,0.0,01100000_00010001,16.433422565460205,_M_00006,9
366,0.0,0.008,0.0,01100000_00010001,16.461358547210693,_M_00006,9
367,0.01,0.006,0.0,01100000_00010001,16.490351915359497,_M_00006,9
368,0.01,-0.006,0.0,10100000_00100001,16.51935052871704,_M_00006,9
369,0.0,0.006,0.0,01100000_00010001,16.547277688980103,_M_00006,9
370,0.0,0.008,0.0,01100000_00010001,16.576277017593384,_M_00006,9
371,0.01,0.006,0.0,01100000_00010001,16.604279279708862,_M_00006,9
372,0.01,0.004,0.0,01100000_00010001,16.633569717407227,_M_00006,9
373,0.0,0.004,0.0,01100000_00010001,16.661277294158936,_M_00006,9
374,0.0,0.004,0.0,01100000_00000001,16.690352201461792,_M_00006,9
375,0.0,0.004,0.0,01100000_00010001,16.719350337982178,_M_00006,9
376,0.01,0.006,0.0,01100000_00010001,16.747358322143555,_M_00006,9
377,0.0,0.006,0.0,01100000_00010001,16.776352882385254,_M_00006,9
378,0.0,0.004,0.0,01100000_00010001,16.80435562133789,_M_00006,9
379,0.0,0.008,0.0,01100000_00010001,16.833350896835327,_M_00006,9
380,0.01,0.004,0.0,01100000_00010001,16.861343145370483,_M_00006,9
381,0.0,0.006,0.0,01100000_00010001,16.890348196029663,_M_00006,9
382,0.0,0.004,0.0,01100000_00010001,16.918351650238037,_M_00006,9
383,0.0,0.006,0.0,01100000_00010001,16.947349548339844,_M_00006,9
384,0.01,0.002,0.0,01100000_00010001,16.97635555267334,_M_00006,9
385,0.0,0.002,0.0,01100000_00010001,17.004350662231445,_M_00006,9
386,0.0,0.004,0.0,01100000_00010001,17.03328275680542,_M_00006,9
387,0.0,0.006,0.0,01100000_00010001,17.06135630607605,_M_00006,9
388,0.01,0.002,0.0,01100000_00010001,17.090275764465332,_M_00006,9
389,0.0,0.006,0.0,01100000_00010001,17.118280172348022,_M_00006,9
390,0.0,0.002,0.0,01100000_00010001,17.147329568862915,_M_00006,9
391,0.01,0.004,0.0,01100000_00010001,17.17632269859314,_M_00006,9
392,0.01,0.006,0.0,01100000_00010001,17.20432424545288,_M_00006,9
393,0.0,0.004,0.0,11100000_00010001,17.233350038528442,_M_00006,9
394,0.0,0.004,0.0,01100000_00010001,17.26134967803955,_M_00006,9
395,0.0,-0.002,0.0,10100000_00110001,17.290350198745728,_M_00006,9
396,0.0,0.004,0.0,01100000_00010001,17.31927752494812,_M_00006,9
397,0.0,0.004,0.0,01100000_00010001,17.347351551055908,_M_00006,9
398,0.0,0.002,0.0,01100000_00010001,17.37627673149109,_M_00006,9
399,0.0,0.004,0.0,01100000_00010001,17.40432333946228,_M_00006,9
400,0.01,0.002,0.0,01100000_00010001,17.433356761932373,_M_00006,9
401,0.01,0.004,0.0,01100000_00010001,17.461280584335327,_M_00006,9
402,0.0,0.004,0.0,01100000_00010001,17.49036431312561,_M_00006,9
403,0.0,0.002,0.0,01100000_00010001,17.519274950027466,_M_00006,9
404,0.0,0.004,0.0,01100000_00010001,17.547277212142944,_M_00006,9
405,0.01,0.002,0.0,01100000_00010001,17.576353549957275,_M_00006,9
406,0.01,0.004,0.0,01100000_00010001,17.604350090026855,_M_00006,9
407,0.0,0.004,0.0,01100000_00010001,17.633350372314453,_M_00006,9
408,0.0,0.004,0.0,01100000_00010001,17.661341667175293,_M_00006,9
409,0.0,0.002,0.0,01100000_00010001,17.690317392349243,_M_00006,9
410,0.0,0.006,0.0,01100000_00010001,17.718347311019897,_M_00006,9
411,0.0,0.004,0.0,01100000_00010001,17.747275352478027,_M_00006,9
412,0.0,0.002,0.0,01100000_00010001,17.776315450668335,_M_00006,9
413,0.0,0.002,0.0,01100000_00010001,17.80435848236084,_M_00006,9
414,0.0,0.016,0.0,01100000_00010001,17.83435821533203,_M_00006,9
415,0.01,0.014,0.0,01100000_00010001,17.864305019378662,_M_00006,9
416,0.01,0.012,0.0,01100000_00010001,17.890349864959717,_M_00006,9
417,0.0,0.016,0.0,01100000_00010001,17.918352603912354,_M_00006,9
418,0.01,0.016,0.0,01100000_00010001,17.949312210083008,_M_00006,9
419,0.01,0.01,0.0,01100000_00010001,17.976348638534546,_M_00006,9
280,0.0,0.016,0.0,01100000_00010001,18.00627565383911,_M_00006,10
281,0.01,0.012,0.0,01100000_00010001,18.03334903717041,_M_00006,10
282,0.01,0.012,0.0,01100000_00010001,18.06134867668152,_M_00006,10
283,0.01,0.012,0.0,01100000_00010001,18.09327530860901,_M_00006,10
284,0.01,0.014,0.0,01100000_00010001,18.118351936340332,_M_00006,10
285,0.01,0.012,0.0,01100000_00010001,18.14735698699951,_M_00006,10
286,0.0,0.014,0.0,01100000_00010001,18.17634892463684,_M_00006,10
287,0.01,0.01,0.0,01100000_00010001,18.204363584518433,_M_00006,10
288,0.0,0.014,0.0,01100000_00010001,18.233394384384155,_M_00006,10
289,0.0,0.012,0.0,01100000_00010001,18.26131820678711,_M_00006,10
290,0.01,0.01,0.0,01100000_00010001,18.290353059768677,_M_00006,10
291,0.01,0.012,0.0,01100000_00010001,18.3183491230011,_M_00006,10
292,0.01,0.008,0.0,11100000_00100001,18.34736132621765,_M_00006,10
293,0.01,0.01,0.0,01100000_00010001,18.37635374069214,_M_00006,10
294,0.01,0.008,0.0,01100000_00010001,18.40435290336609,_M_00006,10
295,0.01,0.008,0.0,01100000_00010001,18.43336248397827,_M_00006,10
296,0.01,0.01,0.0,01100000_00010001,18.461361408233643,_M_00006,10
297,0.01,0.008,0.0,01100000_00010001,18.490349054336548,_M_00006,10
298,0.01,0.008,0.0,01100000_00010001,18.518341541290283,_M_00006,10
299,0.0,0.01,0.0,01100000_00000001,18.54734206199646,_M_00006,10
300,0.01,0.01,0.0,01100000_00010001,18.57627534866333,_M_00006,10
301,0.01,0.006,0.0,01100000_00010001,18.604350090026855,_M_00006,10
302,0.0,0.008,0.0,01100000_00000001,18.633284091949463,_M_00006,10
303,0.01,0.006,0.0,01100000_00010001,18.661276817321777,_M_00006,10
304,0.01,0.008,0.0,01100000_00010001,18.690349817276,_M_00006,10
305,0.01,0.008,0.0,01100000_00010001,18.718348264694214,_M_00006,10
306,0.01,0.006,0.0,01100000_00010001,18.747361660003662,_M_00006,10
307,0.0,0.008,0.0,01100000_00010001,18.776275157928467,_M_00006,10
308,0.01,0.006,0.0,01100000_00010001,18.804351568222046,_M_00006,10
309,0.0,0.008,0.0,01100000_00010001,18.83435034751892,_M_00006,10
310,0.01,0.006,0.0,01100000_00010001,18.86135220527649,_M_00006,10
311,0.01,0.004,0.0,01100000_00010001,18.890348196029663,_M_00006,10
312,0.0,0.008,0.0,01100000_00010001,18.918362379074097,_M_00006,10
313,0.01,0.006,0.0,01100000_00010001,18.94734787940979,_M_00006,10
314,0.01,0.006,0.0,01100000_00010001,18.976356744766235,_M_00006,10
315,0.01,0.006,0.0,01100000_00010001,19.004347801208496,_M_00006,10
316,0.0,0.006,0.0,01100000_00010001,19.033348321914673,_M_00006,10
317,0.0,0.006,0.0,01100000_00010001,19.061346769332886,_M_00006,10
318,0.0,0.004,0.0,01100000_00010001,19.090290069580078,_M_00006,10
319,0.01,0.004,0.0,01100000_00010001,19.118354320526123,_M_00006,10
320,0.0,0.004,0.0,01100000_00010001,19.147358894348145,_M_00006,10
321,0.01,0.004,0.0,01100000_00010001,19.176347017288208,_M_00006,10
322,0.0,0.006,0.0,01100000_00010001,19.20436143875122,_M_00006,10
323,0.0,0.004,0.0,01100000_00010001,19.233349323272705,_M_00006,10
324,0.0,0.006,0.0,01100000_00010001,19.261356592178345,_M_00006,10
325,0.0,0.008,0.0,01100000_00010001,19.290348052978516,_M_00006,10
326,0.01,0.004,0.0,01100000_00010001,19.31827735900879,_M_00006,10
327,0.01,0.006,0.0,01100000_00010001,19.347349405288696,_M_00006,10
328,0.0,0.004,0.0,01100000_00010001,19.376347303390503,_M_00006,10
329,0.01,0.004,0.0,01100000_00010001,19.40435004234314,_M_00006,10
330,0.01,0.004,0.0,01100000_00010001,19.43336057662964,_M_00006,10
331,0.01,0.004,0.0,01100000_00010001,19.46134877204895,_M_00006,10
332,0.0,0.002,0.0,01100000_00010001,19.490351676940918,_M_00006,10
333,0.0,0.006,0.0,01100000_00010001,19.518275260925293,_M_00006,10
334,0.0,0.004,0.0,01100000_00010001,19.547353506088257,_M_00006,10
335,0.0,0.006,0.0,01100000_00010001,19.57634735107422,_M_00006,10
336,0.0,0.002,0.0,01100000_00010001,19.604289293289185,_M_00006,10
337,0.0,0.004,0.0,01100000_00010001,19.63335657119751,_M_00006,10
338,0.01,0.004,0.0,01100000_00010001,19.661277770996094,_M_00006,10
339,0.01,0.004,0.0,01100000_00010001,19.69035005569458,_M_00006,10
340,0.0,0.004,0.0,01100000_00010001,19.719273328781128,_M_00006,10
341,0.0,0.004,0.0,01100000_00010001,19.748321771621704,_M_00006,10
342,0.0,-0.004,0.0,10100000_00010001,19.77627468109131,_M_00006,10
343,0.0,0.004,0.0,11100000_00000001,19.804279565811157,_M_00006,10
344,0.0,0.002,0.0,01100000_00010001,19.834277629852295,_M_00006,10
345,0.0,-0.002,0.0,10100000_00010001,19.86127233505249,_M_00006,10
346,0.0,0.002,0.0,01100000_00010001,19.8902747631073,_M_00006,10
347,0.01,0.006,0.0,01100000_00010001,19.91834831237793,_M_00006,10
348,0.0,0.004,0.0,01100000_00010001,19.947352647781372,_M_00006,10
349,0.0,0.0,0.0,01100000_00010001,19.976346492767334,_M_00006,10
210,0.0,0.006,0.0,01100000_00010001,20.00431537628174,_M_00006,11
211,0.01,0.004,0.0,01100000_00010001,20.03334903717041,_M_00006,11
212,0.0,0.004,0.0,01100000_00010001,20.061338663101196,_M_00006,11
213,0.0,0.004,0.0,01100000_00010001,20.09029722213745,_M_00006,11
214,0.0,0.006,0.0,01100000_00010001,20.11832284927368,_M_00006,11
215,0.0,0.004,0.0,01100000_00000001,20.14734673500061,_M_00006,11
216,0.0,0.004,0.0,01100000_00010001,20.176314115524292,_M_00006,11
217,0.01,-0.056,0.0,10100000_00110001,20.205358743667603,_M_00006,11
218,0.01,0.02,0.0,01100000_00010001,20.233346939086914,_M_00006,11
219,0.0,0.016,0.0,01100000_00010001,20.261374950408936,_M_00006,11
220,0.01,-0.014,0.0,10100000_00010001,20.292272329330444,_M_00006,11
221,0.0,0.014,0.0,01100000_00010001,20.318349599838257,_M_00006,11
222,0.01,0.016,0.0,01100000_00010001,20.349344491958618,_M_00006,11
223,0.01,0.014,0.0,01100000_00010001,20.3763484954834,_M_00006,11
224,0.01,0.012,0.0,01100000_00010001,20.40527367591858,_M_00006,11
225,0.01,0.014,0.0,01100000_00010001,20.433356761932373,_M_00006,11
226,0.0,0.014,0.0,01100000_00010001,20.463361024856567,_M_00006,11
227,0.01,0.014,0.0,01100000_00010001,20.49035334587097,_M_00006,11
228,0.0,0.012,0.0,01100000_00010001,20.518346548080444,_M_00006,11
229,0.01,0.012,0.0,01100000_00010001,20.54746389389038,_M_00006,11
230,0.0,0.01,0.0,01100000_00010001,20.57546377182007,_M_00006,11
231,0.0,0.014,0.0,01100000_00010001,20.604466676712036,_M_00006,11
232,0.01,0.01,0.0,01100000_00010001,20.633464097976685,_M_00006,11
233,0.01,0.012,0.0,01100000_00010001,20.66146445274353,_M_00006,11
234,0.01,0.008,0.0,01100000_00010001,20.690478563308716,_M_00006,11
235,0.01,0.006,0.0,01100000_00010001,20.718483209609985,_M_00006,11
236,0.0,0.01,0.0,01100000_00010001,20.748391151428223,_M_00006,11
237,0.0,0.012,0.0,01100000_00010001,20.775476217269897,_M_00006,11
238,0.01,0.01,0.0,01100000_00010001,20.80446457862854,_M_00006,11
239,0.01,0.008,0.0,01100000_00010001,20.83346462249756,_M_00006,11
240,0.01,0.008,0.0,01100000_00010001,20.861464500427246,_M_00006,11
241,0.0,0.012,0.0,01100000_00010001,20.893463850021362,_M_00006,11
242,0.0,0.012,0.0,01100000_00010001,20.918463706970215,_M_00006,11
243,0.01,0.004,0.0,01100000_00010001,20.947465181350708,_M_00006,11
244,0.0,0.008,0.0,01100000_00010001,20.975467920303345,_M_00006,11
245,0.01,0.008,0.0,01100000_00010001,21.004467248916626,_M_00006,11
246,0.0,0.006,0.0,01100000_00010001,21.033469438552856,_M_00006,11
247,0.01,0.006,0.0,01100000_00010001,21.06146502494812,_M_00006,11
248,0.0,0.008,0.0,01100000_00010001,21.09246802330017,_M_00006,11
249,0.01,0.004,0.0,01100000_00010001,21.118463039398193,_M_00006,11
250,0.0,0.006,0.0,01100000_00010001,21.147464275360107,_M_00006,11
251,0.01,0.006,0.0,01100000_00010001,21.17539072036743,_M_00006,11
252,0.01,0.008,0.0,01100000_00010001,21.204463481903076,_M_00006,11
253,0.01,0.006,0.0,01100000_00010001,21.23346495628357,_M_00006,11
254,0.0,0.008,0.0,01100000_00010001,21.261464595794678,_M_00006,11
255,0.0,0.006,0.0,01100000_00000001,21.29046392440796,_M_00006,11
256,0.01,0.006,0.0,01100000_00010001,21.318463802337646,_M_00006,11
257,0.01,0.006,0.0,01100000_00010001,21.347463607788086,_M_00006,11
258,0.01,0.006,0.0,01100000_00010001,21.375427722930908,_M_00006,11
259,0.0,0.008,0.0,01100000_00010001,21.40451145172119,_M_00006,11
260,0.0,0.01,0.0,01100000_00010001,21.433463096618652,_M_00006,11
261,0.0,0.004,0.0,01100000_00010001,21.46146321296692,_M_00006,11
262,0.0,0.006,0.0,01100000_00010001,21.49046277999878,_M_00006,11
263,0.0,0.008,0.0,01100000_00010001,21.51846408843994,_M_00006,11
264,0.01,0.004,0.0,01100000_00010001,21.5471510887146,_M_00006,11
265,0.01,0.004,0.0,01100000_00010001,21.57715129852295,_M_00006,11
266,0.01,0.004,0.0,01100000_00010001,21.604077100753784,_M_00006,11
267,0.01,0.006,0.0,01100000_00010001,21.633163928985596,_M_00006,11
268,0.0,0.006,0.0,01100000_00010001,21.66115164756775,_M_00006,11
269,0.0,0.006,0.0,01100000_00010001,21.69015097618103,_M_00006,11
270,0.01,0.004,0.0,01100000_00010001,21.71915078163147,_M_00006,11
271,0.0,0.006,0.0,01100000_00010001,21.747150897979736,_M_00006,11
272,0.01,0.008,0.0,01100000_00010001,21.77615189552307,_M_00006,11
273,0.0,0.004,0.0,01100000_00010001,21.80407691001892,_M_00006,11
274,0.0,0.004,0.0,01100000_00010001,21.833159923553467,_M_00006,11
275,0.0,0.004,0.0,01100000_00010001,21.86111092567444,_M_00006,11
276,0.0,0.004,0.0,01100000_00010001,21.890154123306274,_M_00006,11
277,0.0,0.004,0.0,01100000_00010001,21.9191677570343,_M_00006,11
278,0.0,0.004,0.0,01100000_00010001,21.947150468826294,_M_00006,11
279,0.0,0.0,0.0,01100000_00010001,21.976149797439575,_M_00006,11
140,0.01,0.004,0.0,01100000_00010001,22.004136085510254,_M_00006,12
141,0.0,0.002,0.0,01100000_00010001,22.03307557106018,_M_00006,12
142,0.0,0.006,0.0,01100000_00010001,22.061153650283813,_M_00006,12
143,0.0,0.004,0.0,01100000_00010001,22.090080499649048,_M_00006,12
144,0.0,0.004,0.0,01100000_00010001,22.119099617004395,_M_00006,12
145,0.0,0.006,0.0,01100000_00000001,22.14707612991333,_M_00006,12
146,0.0,0.002,0.0,01100000_00010001,22.17611002922058,_M_00006,12
147,0.0,0.002,0.0,01100000_00010001,22.204149961471558,_M_00006,12
148,0.0,0.002,0.0,01100000_00010001,22.233150482177734,_M_00006,12
149,0.0,0.004,0.0,01100000_00010001,22.261144638061523,_M_00006,12
150,0.0,0.004,0.0,01100000_00010001,22.2901508808136,_M_00006,12
151,0.0,0.004,0.0,01100000_00010001,22.319085597991943,_M_00006,12
152,0.0,0.002,0.0,01100000_00010001,22.34714961051941,_M_00006,12
153,0.0,0.002,0.0,01100000_00010001,22.376152276992798,_M_00006,12
154,0.01,0.004,0.0,01100000_00010001,22.404150247573853,_M_00006,12
155,0.0,0.002,0.0,01100000_00000001,22.43507957458496,_M_00006,12
156,0.0,0.004,0.0,11100000_00010001,22.46215057373047,_M_00006,12
157,0.0,0.002,0.0,01100000_00010001,22.49014949798584,_M_00006,12
158,0.0,0.002,0.0,01100000_00010001,22.519150257110596,_M_00006,12
159,0.0,0.004,0.0,01100000_00010001,22.547160387039185,_M_00006,12
160,0.0,0.002,0.0,01100000_00010001,22.57607626914978,_M_00006,12
161,0.0,0.004,0.0,01100000_00000001,22.604157209396362,_M_00006,12
162,0.0,0.002,0.0,01100000_00010001,22.63414978981018,_M_00006,12
163,0.0,-0.018,0.0,10100000_00110001,22.662149667739868,_M_00006,12
164,0.0,0.018,0.0,01100000_00010001,22.690163612365723,_M_00006,12
165,0.01,0.014,0.0,01100000_00010001,22.719149827957153,_M_00006,12
166,0.01,0.014,0.0,01100000_00010001,22.747148513793945,_M_00006,12
167,0.0,0.012,0.0,01100000_00010001,22.77612280845642,_M_00006,12
168,0.01,0.012,0.0,01100000_00010001,22.80414867401123,_M_00006,12
169,0.0,0.014,0.0,01100000_00010001,22.83316397666931,_M_00006,12
170,0.0,0.014,0.0,01100000_00010001,22.861151218414307,_M_00006,12
171,0.01,0.01,0.0,11100000_00000001,22.890161275863647,_M_00006,12
172,0.0,0.012,0.0,01100000_00010001,22.91915011405945,_M_00006,12
173,0.0,0.012,0.0,11100000_00000001,22.947153091430664,_M_00006,12
174,0.01,0.014,0.0,01100000_00010001,22.97615909576416,_M_00006,12
175,0.01,0.01,0.0,01100000_00010001,23.004149675369263,_M_00006,12
176,0.01,0.012,0.0,01100000_00010001,23.033149003982544,_M_00006,12
177,0.0,0.014,0.0,01100000_00010001,23.061150789260864,_M_00006,12
178,0.01,0.01,0.0,01100000_00010001,23.09016251564026,_M_00006,12
179,0.0,0.014,0.0,01100000_00010001,23.119138479232788,_M_00006,12
180,0.0,0.014,0.0,01100000_00010001,23.149075269699097,_M_00006,12
181,0.0,0.01,0.0,01100000_00010001,23.176149368286133,_M_00006,12
182,0.01,0.01,0.0,01100000_00010001,23.20414924621582,_M_00006,12
183,0.01,0.01,0.0,01100000_00010001,23.233078718185425,_M_00006,12
184,0.0,0.012,0.0,01100000_00000001,23.261149168014526,_M_00006,12
185,0.0,0.008,0.0,01100000_00010001,23.290149211883545,_M_00006,12
186,0.01,0.01,0.0,01100000_00010001,23.319148778915405,_M_00006,12
187,0.01,0.01,0.0,01100000_00010001,23.347161054611206,_M_00006,12
188,0.0,0.01,0.0,01100000_00010001,23.376152276992798,_M_00006,12
189,0.01,0.006,0.0,01100000_00010001,23.40414786338806,_M_00006,12
190,0.01,0.008,0.0,01100000_00010001,23.433148860931396,_M_00006,12
191,0.0,0.01,0.0,01100000_00010001,23.461154460906982,_M_00006,12
192,0.01,0.008,0.0,01100000_00010001,23.491074085235596,_M_00006,12
193,0.01,0.006,0.0,01100000_00010001,23.51914930343628,_M_00006,12
194,0.0,0.006,0.0,01100000_00010001,23.547138929367065,_M_00006,12
195,0.01,0.008,0.0,01100000_00010001,23.576149463653564,_M_00006,12
196,0.01,0.006,0.0,01100000_00010001,23.605149745941162,_M_00006,12
197,0.0,0.008,0.0,01100000_00010001,23.63314962387085,_M_00006,12
198,0.0,0.008,0.0,01100000_00010001,23.66114854812622,_M_00006,12
199,0.01,0.008,0.0,01100000_00010001,23.690149307250977,_M_00006,12
200,0.01,0.006,0.0,01100000_00010001,23.7191481590271,_M_00006,12
201,0.01,-0.006,0.0,10100000_00100001,23.747159719467163,_M_00006,12
202,0.01,0.006,0.0,01100000_00010001,23.776150465011597,_M_00006,12
203,0.01,0.006,0.0,01100000_00010001,23.804149389266968,_M_00006,12
204,0.01,0.004,0.0,01100000_00010001,23.83315348625183,_M_00006,12
205,0.0,0.006,0.0,01100000_00010001,23.861159563064575,_M_00006,12
206,0.01,0.004,0.0,01100000_00010001,23.89014744758606,_M_00006,12
207,0.01,-0.006,0.0,10100000_00000001,23.91913366317749,_M_00006,12
208,0.0,0.01,0.0,01100000_00010001,23.948165893554688,_M_00006,12
209,0.01,0.006,0.0,01100000_00010001,23.976147651672363,_M_00006,12
70,0.01,0.004,0.0,01100000_00010001,24.00407385826111,_M_00006,13
71,0.0,0.008,0.0,01100000_00010001,24.033155918121338,_M_00006,13
72,0.0,0.006,0.0,01100000_00010001,24.061147689819336,_M_00006,13
73,0.0,0.006,0.0,01100000_00010001,24.09015703201294,_M_00006,13
74,0.0,0.006,0.0,01100000_00010001,24.119128704071045,_M_00006,13
75,0.01,0.004,0.0,01100000_00010001,24.14917016029358,_M_00006,13
76,0.01,0.006,0.0,11100000_00010001,24.176092863082886,_M_00006,13
77,0.01,0.004,0.0,01100000_00010001,24.204148292541504,_M_00006,13
78,0.0,0.004,0.0,01100000_00010001,24.233147859573364,_M_00006,13
79,0.0,0.006,0.0,01100000_00010001,24.26114845275879,_M_00006,13
80,0.0,0.006,0.0,01100000_00010001,24.290146827697754,_M_00006,13
81,0.0,0.004,0.0,01100000_00010001,24.31914758682251,_M_00006,13
82,0.01,0.004,0.0,01100000_00010001,24.347161293029785,_M_00006,13
83,0.0,0.006,0.0,01100000_00010001,24.376147270202637,_M_00006,13
84,0.0,0.004,0.0,01100000_00010001,24.404147624969482,_M_00006,13
85,0.0,0.0,0.0,01100000_00010001,24.4331476688385,_M_00006,13
86,0.01,0.004,0.0,01100000_00010001,24.462077617645264,_M_00006,13
87,0.0,0.004,0.0,01100000_00010001,24.490110635757446,_M_00006,13
88,0.0,0.004,0.0,01100000_00010001,24.51914668083191,_M_00006,13
89,0.0,0.004,0.0,01100000_00010001,24.547155380249023,_M_00006,13
90,0.0,0.006,0.0,01100000_00010001,24.576077461242676,_M_00006,13
91,0.0,0.002,0.0,01100000_00010001,24.60414719581604,_M_00006,13
92,0.01,0.004,0.0,01100000_00010001,24.63318371772766,_M_00006,13
93,0.0,0.006,0.0,01100000_00010001,24.661247968673706,_M_00006,13
94,0.0,0.002,0.0,01100000_00010001,24.690208196640015,_M_00006,13
95,0.0,0.006,0.0,01100000_00010001,24.719165325164795,_M_00006,13
96,0.0,0.006,0.0,01100000_00010001,24.747238397598267,_M_00006,13
97,0.0,0.002,0.0,01100000_00010001,24.776247024536133,_M_00006,13
98,0.0,0.002,0.0,01100000_00010001,24.804208040237427,_M_00006,13
99,0.0,0.004,0.0,01100000_00010001,24.833170413970947,_M_00006,13
100,0.0,0.004,0.0,01100000_00000001,24.861249446868896,_M_00006,13
101,0.0,0.002,0.0,01100000_00010001,24.890238523483276,_M_00006,13
102,0.0,0.002,0.0,01100000_00010001,24.919243335723877,_M_00006,13
103,0.0,0.004,0.0,01100000_00010001,24.94723916053772,_M_00006,13
104,0.0,-0.004,0.0,10100000_00010001,24.976239919662476,_M_00006,13
105,0.0,0.004,0.0,01100000_00010001,25.004212379455566,_M_00006,13
106,0.0,0.004,0.0,01100000_00010001,25.033241271972656,_M_00006,13
107,0.01,0.06,0.0,01100000_00010001,25.061239004135132,_M_00006,13
108,0.0,0.018,0.0,01100000_00010001,25.090240001678467,_M_00006,13
109,0.01,0.014,0.0,01100000_00010001,25.119239807128906,_M_00006,13
110,0.01,0.014,0.0,01100000_00010001,25.147238731384277,_M_00006,13
111,0.01,0.012,0.0,01100000_00010001,25.176239013671875,_M_00006,13
112,0.01,0.012,0.0,01100000_00010001,25.20424461364746,_M_00006,13
113,0.0,0.014,0.0,01100000_00010001,25.233208894729614,_M_00006,13
114,0.0,0.016,0.0,01100000_00010001,25.26123881340027,_M_00006,13
115,0.01,0.012,0.0,01100000_00010001,25.2902410030365,_M_00006,13
116,0.01,0.014,0.0,01100000_00010001,25.319238424301147,_M_00006,13
117,0.0,0.014,0.0,01100000_00000001,25.348182916641235,_M_00006,13
118,0.0,0.012,0.0,01100000_00010001,25.3762469291687,_M_00006,13
119,0.01,0.01,0.0,01100000_00010001,25.404239177703857,_M_00006,13
120,0.01,0.01,0.0,01100000_00010001,25.433238744735718,_M_00006,13
121,0.01,0.01,0.0,01100000_00010001,25.461255073547363,_M_00006,13
122,0.0,0.012,0.0,01100000_00010001,25.49023938179016,_M_00006,13
123,0.01,0.01,0.0,01100000_00010001,25.521167278289795,_M_00006,13
124,0.0,0.01,0.0,01100000_00010001,25.54716467857361,_M_00006,13
125,0.0,0.01,0.0,01100000_00010001,25.57624316215515,_M_00006,13
126,0.01,0.01,0.0,01100000_00010001,25.604243993759155,_M_00006,13
127,0.0,0.01,0.0,01100000_00010001,25.633245944976807,_M_00006,13
128,0.01,0.01,0.0,01100000_00010001,25.661212921142578,_M_00006,13
129,0.01,0.008,0.0,01100000_00010001,25.69023823738098,_M_00006,13
130,0.0,0.012,0.0,01100000_00010001,25.719237804412842,_M_00006,13
131,0.0,0.008,0.0,01100000_00010001,25.747240781784058,_M_00006,13
132,0.0,0.012,0.0,01100000_00010001,25.77624225616455,_M_00006,13
133,0.01,0.01,0.0,01100000_00010001,25.804248571395874,_M_00006,13
134,0.0,0.01,0.0,01100000_00010001,25.833240270614624,_M_00006,13
135,0.01,0.006,0.0,01100000_00010001,25.86125135421753,_M_00006,13
136,0.0,0.01,0.0,01100000_00010001,25.890238285064697,_M_00006,13
137,0.01,0.008,0.0,01100000_00010001,25.9212384223938,_M_00006,13
138,0.0,0.008,0.0,01100000_00010001,25.947218894958496,_M_00006,13
139,0.01,0.008,0.0,01100000_00010001,25.976208686828613,_M_00006,13
0,0.01,0.008,0.0,01100000_00010001,26.00423836708069,_M_00006,14
1,0.01,0.006,0.0,01100000_00010001,26.035237073898315,_M_00006,14
2,0.0,0.008,0.0,01100000_00010001,26.061237573623657,_M_00006,14
3,0.0,0.01,0.0,01100000_00010001,26.09020709991455,_M_00006,14
4,0.01,0.008,0.0,01100000_00010001,26.119245052337646,_M_00006,14
5,0.01,0.008,0.0,01100000_00010001,26.147236824035645,_M_00006,14
6,0.0,0.004,0.0,01100000_00010001,26.176238536834717,_M_00006,14
7,0.01,0.008,0.0,01100000_00010001,26.204238653182983,_M_00006,14
8,0.01,0.004,0.0,01100000_00010001,26.233237981796265,_M_00006,14
9,0.0,0.006,0.0,01100000_00010001,26.261236429214478,_M_00006,14
10,0.0,0.006,0.0,01100000_00010001,26.29024910926819,_M_00006,14
11,0.0,0.01,0.0,01100000_00010001,26.31924295425415,_M_00006,14
12,0.0,0.008,0.0,01100000_00010001,26.347237586975098,_M_00006,14
13,0.01,0.004,0.0,01100000_00010001,26.376242637634277,_M_00006,14
14,0.0,0.006,0.0,01100000_00010001,26.404237508773804,_M_00006,14
15,0.0,0.004,0.0,01100000_00010001,26.435237407684326,_M_00006,14
16,0.01,-0.006,0.0,10100000_00110001,26.461230754852295,_M_00006,14
17,0.01,0.004,0.0,01100000_00010001,26.490163803100586,_M_00006,14
18,0.0,0.004,0.0,01100000_00010001,26.521166563034058,_M_00006,14
19,0.01,0.004,0.0,01100000_00010001,26.547242164611816,_M_00006,14
20,0.0,0.004,0.0,01100000_00010001,26.576245307922363,_M_00006,14
21,0.0,0.006,0.0,01100000_00010001,26.604188203811646,_M_00006,14
22,0.0,0.006,0.0,01100000_00000001,26.633230447769165,_M_00006,14
23,0.0,0.004,0.0,01100000_00010001,26.66128921508789,_M_00006,14
24,0.0,0.006,0.0,01100000_00010001,26.690210819244385,_M_00006,14
25,0.0,0.004,0.0,01100000_00010001,26.718292713165283,_M_00006,14
26,0.0,0.006,0.0,01100000_00010001,26.747387170791626,_M_00006,14
27,0.0,0.006,0.0,01100000_00010001,26.776385068893433,_M_00006,14
28,0.01,0.004,0.0,01100000_00010001,26.804391384124756,_M_00006,14
29,0.01,0.004,0.0,01100000_00010001,26.83330988883972,_M_00006,14
30,0.0,0.006,0.0,01100000_00010001,26.861389875411987,_M_00006,14
31,0.0,0.004,0.0,01100000_00010001,26.890392065048218,_M_00006,14
32,0.0,0.004,0.0,11100000_00010001,26.920384645462036,_M_00006,14
33,0.0,0.004,0.0,01100000_00010001,26.94839334487915,_M_00006,14
34,0.01,0.004,0.0,01100000_00010001,26.976383447647095,_M_00006,14
35,0.0,0.004,0.0,01100000_00010001,27.004396200180054,_M_00006,14
36,0.0,0.006,0.0,01100000_00010001,27.033386945724487,_M_00006,14
37,0.01,0.004,0.0,01100000_00010001,27.06138324737549,_M_00006,14
38,0.0,0.002,0.0,01100000_00000001,27.09139347076416,_M_00006,14
39,0.0,-0.004,0.0,10100000_00100001,27.11833691596985,_M_00006,14
40,0.01,0.004,0.0,01100000_00010001,27.14939570426941,_M_00006,14
41,0.0,-0.004,0.0,10100000_00010001,27.177383184432983,_M_00006,14
42,0.0,0.002,0.0,01100000_00010001,27.204394578933716,_M_00006,14
43,0.0,0.004,0.0,01100000_00010001,27.23331069946289,_M_00006,14
44,0.0,0.004,0.0,01100000_00010001,27.26131796836853,_M_00006,14
45,0.0,0.004,0.0,01100000_00010001,27.29030966758728,_M_00006,14
46,0.0,0.002,0.0,01100000_00010001,27.318384408950806,_M_00006,14
47,0.0,0.004,0.0,01100000_00000001,27.34731364250183,_M_00006,14
48,0.0,0.004,0.0,01100000_00010001,27.376383543014526,_M_00006,14
49,0.0,0.004,0.0,01100000_00010001,27.40330982208252,_M_00006,14
50,0.0,0.002,0.0,01100000_00010001,27.433308839797974,_M_00006,14
51,0.0,0.002,0.0,01100000_00010001,27.461385250091553,_M_00006,14
52,0.0,0.002,0.0,01100000_00010001,27.49040699005127,_M_00006,14
53,0.0,0.014,0.0,01100000_00010001,27.518311023712158,_M_00006,14
54,0.01,0.014,0.0,01100000_00010001,27.54739761352539,_M_00006,14
55,0.01,0.012,0.0,01100000_00010001,27.57630968093872,_M_00006,14
56,0.0,0.016,0.0,01100000_00010001,27.604389905929565,_M_00006,14
57,0.01,0.016,0.0,01100000_00010001,27.63432478904724,_M_00006,14
58,0.0,0.014,0.0,01100000_00010001,27.66131329536438,_M_00006,14
59,0.01,0.012,0.0,01100000_00010001,27.69037699699402,_M_00006,14
60,0.0,0.014,0.0,01100000_00010001,27.71834897994995,_M_00006,14
61,0.01,0.016,0.0,01100000_00010001,27.747382402420044,_M_00006,14
62,0.0,0.014,0.0,01100000_00010001,27.77638292312622,_M_00006,14
63,0.01,0.01,0.0,01100000_00010001,27.804383754730225,_M_00006,14
64,0.0,0.012,0.0,01100000_00010001,27.833382844924927,_M_00006,14
65,0.0,0.014,0.0,01100000_00000001,27.86230993270874,_M_00006,14
66,0.0,0.016,0.0,01100000_00010001,27.8903591632843,_M_00006,14
67,0.01,0.012,0.0,01100000_00010001,27.92031717300415,_M_00006,14
68,0.01,0.014,0.0,01100000_00010001,27.947309732437134,_M_00006,14
69,0.0,0.01,0.0,11100000_00000001,27.976382732391357,_M_00006,14
