timestamp,volts,amps,power,sysstatus,,M_ID,cycle
69.54748368,13.28,-0.01,-0.1,10100000_00000000,,_M_00004,35
69.57554746,13.29,-0.008,-0.1,10100000_00000000,,_M_00004,35
69.60339355,13.29,-0.008,-0.1,10100000_00000000,,_M_00004,35
69.63343334,13.28,-0.008,-0.1,10100000_00000000,,_M_00004,35
69.66141319,13.29,-0.006,-0.1,10100000_00000000,,_M_00004,35
69.69048786,13.28,-0.004,-0.1,10100000_00000000,,_M_00004,35
69.7185173,13.28,-0.008,-0.1,10100000_00000000,,_M_00004,35
69.74753571,13.29,-0.006,-0.1,10100000_00000000,,_M_00004,35
69.77551198,13.28,-0.006,-0.1,10100000_00000000,,_M_00004,35
69.80375147,13.28,-0.008,-0.1,10100000_00000000,,_M_00004,35
69.8326838,13.29,-0.01,-0.1,10100000_00000000,,_M_00004,35
69.8617878,13.29,-0.034,0,10100000_00010000,,_M_00004,35
69.88987112,13.28,-0.006,-0.1,10100000_00000000,,_M_00004,35
69.91883731,13.29,-0.01,-0.1,10100000_00000000,,_M_00004,35
69.94685364,13.29,-0.01,-0.1,10100000_00000000,,_M_00004,35
69.9761827,13.29,-0.008,-0.1,10100000_00000000,,_M_00004,35
70.00423384,13.29,-0.006,-0.1,10100000_00000000,,_M_00004,36
70.03327084,13.29,-0.008,-0.1,10100000_00000000,,_M_00004,36
70.06126523,13.28,-0.006,0,10100000_00000000,,_M_00004,36
70.08878326,13.28,-0.008,-0.1,10100000_00000000,,_M_00004,36
70.11876297,13.29,-0.01,-0.1,10100000_00000000,,_M_00004,36
70.1471529,13.29,-0.008,-0.1,10100000_00000000,,_M_00004,36
70.17618704,13.22,0.109,0.9,11100000_00010000,,_M_00004,36
70.20350432,13.15,0.555,7,11100000_00010000,,_M_00004,36
70.23261046,13.29,0.922,12.2,11100000_00010000,,_M_00004,36
70.26161265,13.31,1.19,15.8,11100000_00010000,,_M_00004,36
70.29071283,13.31,1.184,15.7,11100000_00010000,,_M_00004,36
70.31868792,13.29,1.231,16.3,11100000_00010000,,_M_00004,36
70.34707022,13.29,1.241,16.5,11100000_00010000,,_M_00004,36
70.37626791,13.29,1.237,16.4,11100000_00010000,,_M_00004,36
70.40436268,13.26,1.245,16.5,11100000_00010000,,_M_00004,36
70.43201494,13.26,1.389,18.4,11100000_00010000,,_M_00004,36
70.4619925,13.26,1.409,18.7,11100000_00010000,,_M_00004,36
70.49001312,13.31,1.446,19.2,11100000_00010000,,_M_00004,36
70.51879692,13.31,1.484,19.8,11100000_00010000,,_M_00004,36
70.54615569,13.35,1.496,19.9,11100000_00010000,,_M_00004,36
70.57614207,13.37,1.527,20.4,11100000_00010000,,_M_00004,36
70.60426402,13.37,1.563,20.9,11100000_00010000,,_M_00004,36
70.6331892,13.37,1.592,21.2,11100000_00010000,,_M_00004,36
70.66128802,13.37,1.608,21.5,11100000_00010000,,_M_00004,36
70.69026375,13.37,1.648,22,11100000_00010000,,_M_00004,36
70.71838832,13.35,1.675,22.4,11100000_00010000,,_M_00004,36
70.74692392,13.37,1.687,22.5,11100000_00010000,,_M_00004,36
70.77640772,13.35,1.732,23.1,11100000_00010000,,_M_00004,36
70.80474305,13.35,1.756,23.4,11100000_00010000,,_M_00004,36
70.83293414,13.35,1.774,23.7,11100000_00010000,,_M_00004,36
70.86267591,13.37,1.817,24.3,11100000_00010000,,_M_00004,36
70.89122343,13.37,1.839,24.5,11100000_00010000,,_M_00004,36
70.91931105,13.35,1.861,24.8,11100000_00010000,,_M_00004,36
70.94684863,13.35,1.906,25.4,11100000_00010000,,_M_00004,36
70.97619343,13.35,1.926,25.7,11100000_00010000,,_M_00004,36
71.00477934,13.37,1.947,26,11100000_00010000,,_M_00004,36
71.03287673,13.35,1.985,26.5,11100000_00010000,,_M_00004,36
71.0617137,13.35,2.018,26.9,11100000_00010000,,_M_00004,36
71.08981705,13.35,2.036,27.2,11100000_00010000,,_M_00004,36
71.12183738,13.35,2.101,28,11100000_00010000,,_M_00004,36
71.14613867,13.35,2.101,28,11100000_00010000,,_M_00004,36
71.17915869,13.35,2.143,28.6,11100000_00010000,,_M_00004,36
71.20618176,13.35,2.196,29.3,11100000_00010000,,_M_00004,36
71.23511314,13.35,2.208,29.5,11100000_00010000,,_M_00004,36
71.26325583,13.35,2.228,29.7,11100000_00010000,,_M_00004,36
71.29168797,13.35,2.275,30.4,11100000_00010000,,_M_00004,36
71.31997442,13.35,2.289,30.5,11100000_00010000,,_M_00004,36
71.34848166,13.35,2.312,30.8,11100000_00010000,,_M_00004,36
71.37614012,13.35,2.356,31.5,11100000_00010000,,_M_00004,36
71.40478778,13.35,2.391,31.9,11100000_00010000,,_M_00004,36
71.43298721,13.35,2.389,31.9,11100000_00010000,,_M_00004,36
71.46207237,13.33,2.439,32.5,11100000_00010000,,_M_00004,36
71.48994255,13.33,2.468,32.9,11100000_00010000,,_M_00004,36
71.51903749,13.35,2.474,33,11100000_00010000,,_M_00004,36
71.54704595,13.35,2.527,33.7,11100000_00010000,,_M_00004,36
71.57614827,13.35,2.547,34,11100000_00010000,,_M_00004,36
71.6042645,13.35,2.567,34.3,11100000_00010000,,_M_00004,36
71.63317537,13.35,2.6,34.7,11100000_00010000,,_M_00004,36
71.66133404,13.35,2.63,35.1,11100000_00010000,,_M_00004,36
71.69032073,13.33,2.658,35.4,11100000_00010000,,_M_00004,36
71.7183466,13.35,2.679,35.7,11100000_00010000,,_M_00004,36
71.74659634,13.35,2.715,36.2,11100000_00010000,,_M_00004,36
71.77614188,13.35,2.738,36.5,11100000_00010000,,_M_00004,36
71.80483389,13.33,2.758,36.8,11100000_00010000,,_M_00004,36
71.83297062,13.33,2.794,37.3,11100000_00010000,,_M_00004,36
71.86194372,13.35,2.823,37.7,11100000_00010000,,_M_00004,36
71.8897891,13.35,2.841,37.9,11100000_00010000,,_M_00004,36
71.9188652,13.33,2.888,38.5,11100000_00010000,,_M_00004,36
71.94587803,13.33,2.9,38.7,11100000_00010000,,_M_00004,36
71.97596812,13.33,2.92,38.9,11100000_00010000,,_M_00004,36
72.00423884,13.33,2.967,39.6,11100000_00010000,,_M_00004,37
72.0330348,13.33,2.993,39.9,11100000_00010000,,_M_00004,37
72.06111574,13.33,3.022,40.3,11100000_00010000,,_M_00004,37
72.09011412,13.35,3.048,40.7,11100000_00010000,,_M_00004,37
72.11924338,13.33,3.084,41.1,11100000_00010000,,_M_00004,37
72.14715314,13.33,3.101,41.4,11100000_00010000,,_M_00004,37
72.17617822,13.33,3.127,41.7,11100000_00010000,,_M_00004,37
72.20421314,13.35,3.17,42.3,11100000_00010000,,_M_00004,37
72.23327017,13.33,3.182,42.4,11100000_00010000,,_M_00004,37
72.26043916,13.33,3.206,42.7,11100000_00010000,,_M_00004,37
72.29051256,13.33,3.251,43.3,11100000_00010000,,_M_00004,37
72.31861281,13.33,3.263,43.5,11100000_00010000,,_M_00004,37
72.34779477,13.33,3.289,43.9,11100000_00010000,,_M_00004,37
72.37583828,13.33,3.332,44.4,11100000_00010000,,_M_00004,37
72.4040885,13.33,3.356,44.7,11100000_00010000,,_M_00004,37
72.43310022,13.33,3.37,45,11100000_00010000,,_M_00004,37
72.46193027,13.33,3.411,45.5,11100000_00010000,,_M_00004,37
72.49055314,13.33,3.437,45.8,11100000_00010000,,_M_00004,37
72.51925325,13.33,3.454,46.1,11100000_00010000,,_M_00004,37
72.54721332,13.33,3.49,46.5,11100000_00010000,,_M_00004,37
72.5762918,13.33,3.522,47,11100000_00010000,,_M_00004,37
72.60441232,13.33,3.535,47.1,11100000_00010000,,_M_00004,37
72.63336587,13.33,3.577,47.7,11100000_00010000,,_M_00004,37
72.66151261,13.33,3.602,48,11100000_00010000,,_M_00004,37
72.68971515,13.31,3.622,48.3,11100000_00010000,,_M_00004,37
72.71841335,13.33,3.662,48.8,11100000_00010000,,_M_00004,37
72.74672103,13.33,3.683,49.1,11100000_00010000,,_M_00004,37
72.77504992,13.33,3.701,49.3,11100000_00010000,,_M_00004,37
72.80496931,13.31,3.746,49.9,11100000_00010000,,_M_00004,37
72.83303905,13.33,3.76,50.1,11100000_00010000,,_M_00004,37
72.86201453,13.31,3.78,50.4,11100000_00010000,,_M_00004,37
72.88986397,13.31,3.829,51,11100000_00010000,,_M_00004,37
72.91894674,13.31,3.851,51.3,11100000_00010000,,_M_00004,37
72.94601178,13.31,3.857,51.4,11100000_00010000,,_M_00004,37
72.97610641,13.31,3.91,52.1,11100000_00010000,,_M_00004,37
73.00421524,13.33,3.932,52.4,11100000_00010000,,_M_00004,37
73.03314781,13.31,3.961,52.8,11100000_00010000,,_M_00004,37
73.06124163,13.31,3.983,53,11100000_00010000,,_M_00004,37
73.09053993,13.31,4.017,53.5,11100000_00010000,,_M_00004,37
73.11777234,13.31,4.038,53.8,11100000_00010000,,_M_00004,37
73.1459651,13.31,4.062,54.1,11100000_00010000,,_M_00004,37
73.17605615,13.31,4.109,54.7,11100000_00010000,,_M_00004,37
73.20416236,13.31,4.135,55.1,11100000_00010000,,_M_00004,37
73.23313904,13.31,4.143,55.2,11100000_00010000,,_M_00004,37
73.26123977,13.31,4.186,55.7,11100000_00010000,,_M_00004,37
73.29033947,13.31,4.212,56.1,11100000_00010000,,_M_00004,37
73.3183732,13.33,4.226,56.3,11100000_00010000,,_M_00004,37
73.34748483,13.31,4.271,56.8,11100000_00010000,,_M_00004,37
73.37541533,13.31,4.291,57.2,11100000_00010000,,_M_00004,37
73.40406275,13.31,4.313,57.4,11100000_00010000,,_M_00004,37
73.43307161,13.31,4.348,57.9,11100000_00010000,,_M_00004,37
73.46120024,13.31,4.372,58.2,11100000_00010000,,_M_00004,37
73.49030018,13.31,4.399,58.6,11100000_00010000,,_M_00004,37
73.51828885,13.31,4.427,59,11100000_00010000,,_M_00004,37
73.54710555,13.31,4.451,59.3,11100000_00010000,,_M_00004,37
73.5761404,13.31,4.48,59.7,11100000_00010000,,_M_00004,37
73.60411334,13.31,4.508,60,11100000_00010000,,_M_00004,37
73.63308907,13.31,4.535,60.4,11100000_00010000,,_M_00004,37
73.66210818,13.31,4.559,60.7,11100000_00010000,,_M_00004,37
73.69069409,13.31,4.587,61.1,11100000_00010000,,_M_00004,37
73.71980309,13.31,4.626,61.6,11100000_00010000,,_M_00004,37
73.74786305,13.31,4.638,61.8,11100000_00010000,,_M_00004,37
73.77584314,13.31,4.67,62.2,11100000_00010000,,_M_00004,37
73.80428863,13.31,4.707,62.7,11100000_00010000,,_M_00004,37
73.83593798,13.31,4.752,63.3,11100000_00010000,,_M_00004,37
73.86330438,13.31,4.788,63.7,11100000_00010000,,_M_00004,37
73.89258933,13.29,4.796,63.8,11100000_00010000,,_M_00004,37
73.92155504,13.31,4.839,64.4,11100000_00010000,,_M_00004,37
73.94910407,13.31,4.867,64.8,11100000_00010000,,_M_00004,37
73.97748876,13.31,4.896,65.2,11100000_00010000,,_M_00004,37
74.00582862,13.31,4.912,65.4,11100000_00010000,,_M_00004,38
74.03404737,13.31,4.956,66,11100000_00010000,,_M_00004,38
74.0622921,13.29,4.981,66.3,11100000_00010000,,_M_00004,38
74.09056807,13.29,4.991,66.4,11100000_00010000,,_M_00004,38
74.11884189,13.29,5.044,67.1,11100000_00010000,,_M_00004,38
74.14690208,13.31,5.064,67.4,11100000_00010000,,_M_00004,38
74.17606163,13.31,5.088,67.7,11100000_00010000,,_M_00004,38
74.20406508,13.29,5.115,68,11100000_00010000,,_M_00004,38
74.23306489,13.29,5.143,68.4,11100000_00010000,,_M_00004,38
74.26117325,13.29,5.169,68.8,11100000_00010000,,_M_00004,38
74.29014015,13.29,5.198,69.1,11100000_00010000,,_M_00004,38
74.31921387,13.29,5.22,69.5,11100000_00010000,,_M_00004,38
74.34751558,13.29,5.251,69.8,11100000_00010000,,_M_00004,38
74.37548971,13.29,5.275,70.2,11100000_00010000,,_M_00004,38
74.40422344,13.29,5.299,70.5,11100000_00010000,,_M_00004,38
74.43324137,13.29,5.332,70.9,11100000_00010000,,_M_00004,38
74.46123958,13.29,5.356,71.2,11100000_00010000,,_M_00004,38
74.4905138,13.29,5.397,71.8,11100000_00010000,,_M_00004,38
74.51859832,13.29,5.409,71.9,11100000_00010000,,_M_00004,38
74.54759169,13.29,5.435,72.3,11100000_00010000,,_M_00004,38
74.5756886,13.29,5.474,72.8,11100000_00010000,,_M_00004,38
74.60413837,13.29,5.49,73,11100000_00010000,,_M_00004,38
74.63314104,13.29,5.514,73.4,11100000_00010000,,_M_00004,38
74.66113901,13.29,5.553,73.9,11100000_00010000,,_M_00004,38
74.69016433,13.29,5.567,74,11100000_00010000,,_M_00004,38
74.7191937,13.29,5.597,74.5,11100000_00010000,,_M_00004,38
74.7472024,13.29,5.634,74.9,11100000_00010000,,_M_00004,38
74.77554893,13.29,5.658,75.2,11100000_00010000,,_M_00004,38
74.80448937,13.29,5.676,75.5,11100000_00010000,,_M_00004,38
74.8325727,13.29,5.713,76,11100000_00010000,,_M_00004,38
74.86151433,13.29,5.741,76.4,11100000_00010000,,_M_00004,38
74.89059114,13.29,5.758,76.6,11100000_00010000,,_M_00004,38
74.91862202,13.29,5.794,77,11100000_00010000,,_M_00004,38
74.94766331,13.29,5.816,77.3,11100000_00010000,,_M_00004,38
74.97480607,13.29,5.837,77.6,11100000_00010000,,_M_00004,38
75.00494766,13.28,5.885,78.2,11100000_00010000,,_M_00004,38
75.03296661,13.29,5.912,78.6,11100000_00010000,,_M_00004,38
75.061939,13.28,5.916,78.6,11100000_00010000,,_M_00004,38
75.09065199,13.28,5.964,79.3,11100000_00010000,,_M_00004,38
75.11920977,13.29,5.989,79.6,11100000_00010000,,_M_00004,38
75.1474278,13.28,6.015,80,11100000_00010000,,_M_00004,38
75.17517543,13.29,6.037,80.3,11100000_00010000,,_M_00004,38
75.20444036,13.28,6.078,80.8,11100000_00010000,,_M_00004,38
75.23348904,13.29,6.096,81,11100000_00010000,,_M_00004,38
75.26141357,13.29,6.119,81.4,11100000_00010000,,_M_00004,38
75.29111671,13.28,6.163,81.9,11100000_00010000,,_M_00004,38
75.31973982,13.28,6.173,82,11100000_00010000,,_M_00004,38
75.34768844,13.28,6.198,82.4,11100000_00010000,,_M_00004,38
75.37588,13.29,6.244,83,11100000_00010000,,_M_00004,38
75.40497851,13.28,6.252,83.1,11100000_00010000,,_M_00004,38
75.43299532,13.28,6.281,83.4,11100000_00010000,,_M_00004,38
75.46195579,13.28,6.317,84,11100000_00010000,,_M_00004,38
75.4905858,13.28,6.342,84.3,11100000_00010000,,_M_00004,38
75.51933742,13.28,6.36,84.5,11100000_00010000,,_M_00004,38
75.54749966,13.28,6.4,85,11100000_00010000,,_M_00004,38
75.57599974,13.28,6.427,85.4,11100000_00010000,,_M_00004,38
75.60463881,13.28,6.439,85.6,11100000_00010000,,_M_00004,38
75.63282847,13.28,6.48,86.1,11100000_00010000,,_M_00004,38
75.66143823,13.28,6.504,86.4,11100000_00010000,,_M_00004,38
75.69041514,13.28,6.522,86.6,11100000_00010000,,_M_00004,38
75.71896482,13.28,6.561,87.1,11100000_00010000,,_M_00004,38
75.74698997,13.28,6.587,87.5,11100000_00010000,,_M_00004,38
75.77608156,13.28,6.611,87.8,11100000_00010000,,_M_00004,38
75.80406451,13.28,6.638,88.2,11100000_00010000,,_M_00004,38
75.83309817,13.28,6.664,88.5,11100000_00010000,,_M_00004,38
75.86109257,13.28,6.691,88.9,11100000_00010000,,_M_00004,38
75.89006519,13.28,6.717,89.2,11100000_00010000,,_M_00004,38
75.91907382,13.28,6.745,89.6,11100000_00010000,,_M_00004,38
75.94708896,13.28,6.772,89.9,11100000_00010000,,_M_00004,38
75.9761343,13.28,6.8,90.3,11100000_00010000,,_M_00004,38
76.00421643,13.28,6.839,90.8,11100000_00010000,,_M_00004,39
76.03314185,13.28,6.863,91.2,11100000_00010000,,_M_00004,39
76.06123948,13.28,6.875,91.3,11100000_00010000,,_M_00004,39
76.08998895,13.28,6.928,92,11100000_00010000,,_M_00004,39
76.11898947,13.28,6.946,92.2,11100000_00010000,,_M_00004,39
76.14705086,13.28,6.958,92.4,11100000_00010000,,_M_00004,39
76.17607045,13.26,7.009,93,11100000_00010000,,_M_00004,39
76.20416451,13.26,7.021,93.2,11100000_00010000,,_M_00004,39
76.23324752,13.26,7.041,93.5,11100000_00010000,,_M_00004,39
76.26126838,13.28,7.09,94.2,11100000_00010000,,_M_00004,39
76.2903645,13.26,7.114,94.4,11100000_00010000,,_M_00004,39
76.31842399,13.26,7.116,94.5,11100000_00010000,,_M_00004,39
76.34753895,13.28,7.169,95.2,11100000_00010000,,_M_00004,39
76.37564206,13.28,7.194,95.5,11100000_00010000,,_M_00004,39
76.40428758,13.26,7.2,95.6,11100000_00010000,,_M_00004,39
76.43331409,13.26,7.246,96.1,11100000_00010000,,_M_00004,39
76.46166301,13.26,7.273,96.5,11100000_00010000,,_M_00004,39
76.49309707,13.26,7.329,97.3,11100000_00010000,,_M_00004,39
76.52148914,13.26,7.352,97.6,11100000_00010000,,_M_00004,39
76.54976463,13.26,7.374,97.9,11100000_00010000,,_M_00004,39
76.57814693,13.26,7.402,98.2,11100000_00010000,,_M_00004,39
76.60631061,13.26,7.429,98.6,11100000_00010000,,_M_00004,39
76.63483453,13.26,7.455,98.9,11100000_00010000,,_M_00004,39
76.6628747,13.28,7.484,99.4,11100000_00010000,,_M_00004,39
76.69181037,13.26,7.508,99.6,11100000_00010000,,_M_00004,39
76.71891904,13.26,7.534,99.9,11100000_00010000,,_M_00004,39
76.7477994,13.28,7.561,100.4,11100000_00010000,,_M_00004,39
76.776057,13.26,7.599,100.8,11100000_00010000,,_M_00004,39
76.80423951,13.26,7.611,101,11100000_00010000,,_M_00004,39
76.83321524,13.26,7.64,101.4,11100000_00010000,,_M_00004,39
76.86194134,13.26,7.68,101.9,11100000_00010000,,_M_00004,39
76.89003944,13.26,7.692,102,11100000_00010000,,_M_00004,39
76.91877818,13.26,7.721,102.4,11100000_00010000,,_M_00004,39
76.94777369,13.26,7.761,103,11100000_00010000,,_M_00004,39
76.97615933,13.26,7.782,103.2,11100000_00010000,,_M_00004,39
77.00478125,13.26,7.802,103.5,11100000_00010000,,_M_00004,39
77.03269124,13.26,7.847,104,11100000_00010000,,_M_00004,39
77.06186986,13.26,7.865,104.3,11100000_00010000,,_M_00004,39
77.08999681,13.26,7.883,104.6,11100000_00010000,,_M_00004,39
77.11897039,13.26,7.93,105.1,11100000_00010000,,_M_00004,39
77.14706159,13.26,7.958,105.6,11100000_00010000,,_M_00004,39
77.17596555,13.26,7.964,105.6,11100000_00010000,,_M_00004,39
77.20421505,13.26,8.003,106.1,11100000_00010000,,_M_00004,39
77.23331547,13.26,8.039,106.6,11100000_00010000,,_M_00004,39
77.2621417,13.26,8.062,106.9,11100000_00010000,,_M_00004,39
77.29003954,13.26,8.078,107.1,11100000_00010000,,_M_00004,39
77.31911445,13.26,8.116,107.7,11100000_00010000,,_M_00004,39
77.34709334,13.26,8.139,107.9,11100000_00010000,,_M_00004,39
77.37607384,13.24,8.159,108.2,11100000_00010000,,_M_00004,39
77.40408945,13.24,8.195,108.7,11100000_00010000,,_M_00004,39
77.43309021,13.24,8.222,109,11100000_00010000,,_M_00004,39
77.46116233,13.24,8.238,109.2,11100000_00010000,,_M_00004,39
77.49031401,13.24,8.275,109.7,11100000_00010000,,_M_00004,39
77.5184145,13.26,8.299,110.1,11100000_00010000,,_M_00004,39
77.54734707,13.26,8.319,110.3,11100000_00010000,,_M_00004,39
77.57626867,13.24,8.368,110.9,11100000_00010000,,_M_00004,39
77.60494494,13.24,8.38,111.1,11100000_00010000,,_M_00004,39
77.63348889,13.24,8.398,111.3,11100000_00010000,,_M_00004,39
77.66150045,13.24,8.447,111.9,11100000_00010000,,_M_00004,39
77.69059372,13.24,8.459,112.1,11100000_00010000,,_M_00004,39
77.71858978,13.24,8.479,112.4,11100000_00010000,,_M_00004,39
77.74764514,13.24,8.528,113.1,11100000_00010000,,_M_00004,39
77.77565217,13.24,8.548,113.3,11100000_00010000,,_M_00004,39
77.80424261,13.24,8.556,113.4,11100000_00010000,,_M_00004,39
77.83341599,13.24,8.603,114,11100000_00010000,,_M_00004,39
77.86143112,13.24,8.625,114.3,11100000_00010000,,_M_00004,39
77.89056492,13.24,8.64,114.5,11100000_00010000,,_M_00004,39
77.91853952,13.24,8.682,115,11100000_00010000,,_M_00004,39
77.94679141,13.24,8.709,115.4,11100000_00010000,,_M_00004,39
77.97605634,13.24,8.733,115.7,11100000_00010000,,_M_00004,39
78.00413489,13.24,8.759,116.1,11100000_00010000,,_M_00004,40
78.03309011,13.24,8.802,116.7,11100000_00010000,,_M_00004,40
78.06141663,13.24,8.824,116.9,11100000_00010000,,_M_00004,40
78.09059238,13.24,8.838,117.1,11100000_00010000,,_M_00004,40
78.11866665,13.24,8.881,117.6,11100000_00010000,,_M_00004,40
78.14771628,13.22,8.907,117.9,11100000_00010000,,_M_00004,40
78.17582202,13.24,8.92,118.2,11100000_00010000,,_M_00004,40
78.20418954,13.22,8.956,118.6,11100000_00010000,,_M_00004,40
78.23314309,13.22,8.982,118.9,11100000_00010000,,_M_00004,40
78.26117325,13.24,9.009,119.3,11100000_00010000,,_M_00004,40
78.29032493,13.24,9.035,119.7,11100000_00010000,,_M_00004,40
78.31833982,13.24,9.068,120.1,11100000_00010000,,_M_00004,40
78.3473258,13.22,9.092,120.4,11100000_00010000,,_M_00004,40
78.37635994,13.22,9.116,120.7,11100000_00010000,,_M_00004,40
78.40444064,13.24,9.147,121.1,11100000_00010000,,_M_00004,40
78.43353987,13.22,9.171,121.4,11100000_00010000,,_M_00004,40
78.4615531,13.22,9.201,121.8,11100000_00010000,,_M_00004,40
78.49051428,13.24,9.222,122.1,11100000_00010000,,_M_00004,40
78.51862454,13.24,9.25,122.5,11100000_00010000,,_M_00004,40
78.54758978,13.22,9.279,122.8,11100000_00010000,,_M_00004,40
78.57566476,13.22,9.313,123.3,11100000_00010000,,_M_00004,40
78.60411501,13.22,9.329,123.5,11100000_00010000,,_M_00004,40
78.63333917,13.22,9.356,123.9,11100000_00010000,,_M_00004,40
78.66135287,13.22,9.4,124.4,11100000_00010000,,_M_00004,40
78.69039011,13.22,9.41,124.6,11100000_00010000,,_M_00004,40
78.7187171,13.24,9.433,124.9,11100000_00010000,,_M_00004,40
78.74784136,13.22,9.475,125.4,11100000_00010000,,_M_00004,40
78.776057,13.22,9.496,125.7,11100000_00010000,,_M_00004,40
78.80402255,13.22,9.512,125.9,11100000_00010000,,_M_00004,40
78.83301568,13.22,9.554,126.5,11100000_00010000,,_M_00004,40
78.86187744,13.22,9.579,126.8,11100000_00010000,,_M_00004,40
78.8898716,13.22,9.595,127,11100000_00010000,,_M_00004,40
78.91896534,13.22,9.635,127.6,11100000_00010000,,_M_00004,40
78.94697475,13.22,9.658,127.8,11100000_00010000,,_M_00004,40
78.97608376,13.22,9.688,128.2,11100000_00010000,,_M_00004,40
79.00419664,13.22,9.713,128.6,11100000_00010000,,_M_00004,40
79.03316474,13.22,9.753,129,11100000_00010000,,_M_00004,40
79.06127548,13.22,9.773,129.4,11100000_00010000,,_M_00004,40
79.08975554,13.22,9.798,129.6,11100000_00010000,,_M_00004,40
79.11879039,13.22,9.834,130.1,11100000_00010000,,_M_00004,40
79.1467998,13.22,9.855,130.4,11100000_00010000,,_M_00004,40
79.1781466,13.22,9.913,131.1,11100000_00010000,,_M_00004,40
79.20714712,13.22,9.936,131.4,11100000_00010000,,_M_00004,40
79.23606968,13.22,9.954,131.7,11100000_00010000,,_M_00004,40
79.26366472,13.22,10.005,132.3,11100000_00010000,,_M_00004,40
79.29194236,13.22,10.015,132.5,11100000_00010000,,_M_00004,40
79.32023931,13.22,10.041,132.8,11100000_00010000,,_M_00004,40
79.3484931,13.22,10.074,133.3,11100000_00010000,,_M_00004,40
79.37614059,13.2,10.1,133.5,11100000_00010000,,_M_00004,40
79.40503979,13.22,10.12,133.9,11100000_00010000,,_M_00004,40
79.43322229,13.22,10.161,134.4,11100000_00010000,,_M_00004,40
79.46115518,13.22,10.177,134.6,11100000_00010000,,_M_00004,40
79.49014258,13.2,10.201,134.9,11100000_00010000,,_M_00004,40
79.51913977,13.2,10.24,135.4,11100000_00010000,,_M_00004,40
79.54711556,13.22,10.266,135.8,11100000_00010000,,_M_00004,40
79.57613349,13.22,10.274,135.9,11100000_00010000,,_M_00004,40
79.60414076,13.2,10.321,136.5,11100000_00010000,,_M_00004,40
79.63337588,13.22,10.345,136.8,11100000_00010000,,_M_00004,40
79.66149569,13.2,10.36,137,11100000_00010000,,_M_00004,40
79.69043946,13.2,10.396,137.4,11100000_00010000,,_M_00004,40
79.7185204,13.2,10.424,137.8,11100000_00010000,,_M_00004,40
79.74751592,13.2,10.453,138.2,11100000_00010000,,_M_00004,40
79.77562165,13.2,10.471,138.5,11100000_00010000,,_M_00004,40
79.8041501,13.2,10.51,138.9,11100000_00010000,,_M_00004,40
79.83334136,13.2,10.536,139.3,11100000_00010000,,_M_00004,40
79.86154532,13.2,10.552,139.5,11100000_00010000,,_M_00004,40
79.89064074,13.2,10.591,140,11100000_00010000,,_M_00004,40
79.91866565,13.2,10.613,140.3,11100000_00010000,,_M_00004,40
79.94781685,13.2,10.629,140.5,11100000_00010000,,_M_00004,40
79.97581673,13.2,10.678,141.2,11100000_00010000,,_M_00004,40
80.00345206,13.2,10.706,141.5,11100000_00010000,,_M_00004,41
80.03349566,13.2,10.735,141.9,11100000_00010000,,_M_00004,41
80.06150842,13.2,10.753,142.1,11100000_00010000,,_M_00004,41
80.09056783,13.2,10.785,142.6,11100000_00010000,,_M_00004,41
80.11851096,13.2,10.816,143,11100000_00010000,,_M_00004,41
80.14750576,13.2,10.832,143.1,11100000_00010000,,_M_00004,41
80.17558503,13.2,10.867,143.6,11100000_00010000,,_M_00004,41
80.20350409,13.2,10.893,144,11100000_00010000,,_M_00004,41
80.23350453,13.2,10.913,144.2,11100000_00010000,,_M_00004,41
80.26150393,13.2,10.96,144.8,11100000_00010000,,_M_00004,41
80.29058981,13.2,10.97,145,11100000_00010000,,_M_00004,41
80.31850457,13.2,10.992,145.2,11100000_00010000,,_M_00004,41
80.34756637,13.2,11.041,145.8,11100000_00010000,,_M_00004,41
80.37550521,13.2,11.049,145.9,11100000_00010000,,_M_00004,41
80.40450454,13.2,11.069,146.3,11100000_00010000,,_M_00004,41
80.43350625,13.2,11.065,146.2,11100000_00010000,,_M_00004,41
80.46151662,13.19,11.067,146.2,11100000_00010000,,_M_00004,41
80.4905045,13.2,11.061,146.1,11100000_00010000,,_M_00004,41
80.51903939,13.2,11.059,146.1,11100000_00010000,,_M_00004,41
80.54729414,13.2,11.059,146.2,11100000_00010000,,_M_00004,41
80.57630634,13.2,11.057,146.1,11100000_00010000,,_M_00004,41
80.60354805,13.85,-3.683,17.4,10100000_00010000,,_M_00004,41
80.63371563,13.26,0.022,0,11100000_00000000,,_M_00004,41
80.66174006,13.17,0.334,4.2,11100000_00010000,,_M_00004,41
80.68982315,13.37,0.5,6.7,11100000_00010000,,_M_00004,41
80.71879554,13.35,0.628,8.3,11100000_00010000,,_M_00004,41
80.74680519,13.38,0.689,9.2,11100000_00010000,,_M_00004,41
80.77584171,13.38,0.699,9.3,11100000_00010000,,_M_00004,41
80.80408764,13.38,0.703,9.4,11100000_00010000,,_M_00004,41
80.83331728,13.38,0.703,9.4,11100000_00010000,,_M_00004,41
80.86143923,13.38,0.707,9.4,11100000_00010000,,_M_00004,41
80.88974786,13.38,0.707,9.4,11100000_00010000,,_M_00004,41
80.91874051,13.38,0.707,9.5,11100000_00010000,,_M_00004,41
80.94773126,13.37,0.707,9.4,11100000_00010000,,_M_00004,41
80.97522831,13.38,0.705,9.4,11100000_00010000,,_M_00004,41
81.0043242,13.37,0.728,9.7,11100000_00010000,,_M_00004,41
81.03286624,13.37,0.799,10.6,11100000_00010000,,_M_00004,41
81.06206703,13.37,0.831,11.1,11100000_00010000,,_M_00004,41
81.0899446,13.33,0.987,13.1,11100000_00010000,,_M_00004,41
81.11906528,13.37,1.149,15.4,11100000_00010000,,_M_00004,41
81.14716458,13.38,1.233,16.5,11100000_00010000,,_M_00004,41
81.17620087,13.38,1.253,16.7,11100000_00010000,,_M_00004,41
81.2042675,13.33,1.35,17.9,11100000_00010000,,_M_00004,41
81.23282051,13.37,1.616,21.6,11100000_00010000,,_M_00004,41
81.26188564,13.38,1.701,22.7,11100000_00010000,,_M_00004,41
81.28986502,13.37,1.811,24.2,11100000_00010000,,_M_00004,41
81.31897044,13.35,1.94,25.9,11100000_00010000,,_M_00004,41
81.3469789,13.35,2.044,27.3,11100000_00010000,,_M_00004,41
81.37596774,13.37,2.115,28.2,11100000_00010000,,_M_00004,41
81.40394092,13.33,2.253,30,11100000_00010000,,_M_00004,41
81.43294024,13.35,2.362,31.5,11100000_00010000,,_M_00004,41
81.46197891,13.35,2.446,32.6,11100000_00010000,,_M_00004,41
81.49001551,13.33,2.571,34.3,11100000_00010000,,_M_00004,41
81.51899934,13.35,2.671,35.6,11100000_00010000,,_M_00004,41
81.54708958,13.33,2.784,37.1,11100000_00010000,,_M_00004,41
81.57602358,13.33,2.871,38.3,11100000_00010000,,_M_00004,41
81.60411906,13.35,2.985,39.8,11100000_00010000,,_M_00004,41
81.63304162,13.33,3.099,41.3,11100000_00010000,,_M_00004,41
81.66210127,13.33,3.198,42.6,11100000_00010000,,_M_00004,41
81.69009137,13.33,3.297,43.9,11100000_00010000,,_M_00004,41
81.71939373,13.33,3.415,45.5,11100000_00010000,,_M_00004,41
81.7475028,13.31,3.527,47,11100000_00010000,,_M_00004,41
81.77923131,13.33,3.725,49.6,11100000_00010000,,_M_00004,41
81.80418968,13.33,3.725,49.6,11100000_00010000,,_M_00004,41
81.83620429,13.31,3.944,52.5,11100000_00010000,,_M_00004,41
81.86050344,13.31,3.944,52.5,11100000_00010000,,_M_00004,41
81.892766,13.31,4.155,55.4,11100000_00010000,,_M_00004,41
81.92104483,13.31,4.271,56.9,11100000_00010000,,_M_00004,41
81.94931841,13.31,4.397,58.5,11100000_00010000,,_M_00004,41
81.97766638,13.31,4.506,60,11100000_00010000,,_M_00004,41
82.00605989,13.31,4.62,61.5,11100000_00010000,,_M_00004,42
82.03421688,13.29,4.729,62.9,11100000_00010000,,_M_00004,42
82.06215715,13.31,4.821,64.2,11100000_00010000,,_M_00004,42
82.09074259,13.29,4.932,65.6,11100000_00010000,,_M_00004,42
82.11964369,13.29,5.05,67.2,11100000_00010000,,_M_00004,42
82.14769697,13.29,5.133,68.3,11100000_00010000,,_M_00004,42
82.17569017,13.29,5.246,69.8,11100000_00010000,,_M_00004,42
82.20408964,13.29,5.362,71.3,11100000_00010000,,_M_00004,42
82.23316693,13.29,5.461,72.6,11100000_00010000,,_M_00004,42
82.26018119,13.29,5.559,73.9,11100000_00010000,,_M_00004,42
82.29016495,13.29,5.67,75.4,11100000_00010000,,_M_00004,42
82.31910849,13.29,5.784,76.9,11100000_00010000,,_M_00004,42
82.34698105,13.29,5.877,78.1,11100000_00010000,,_M_00004,42
82.37609029,13.28,5.981,79.5,11100000_00010000,,_M_00004,42
82.40409088,13.28,6.1,81.1,11100000_00010000,,_M_00004,42
82.43309045,13.28,6.206,82.5,11100000_00010000,,_M_00004,42
82.46111155,13.28,6.297,83.6,11100000_00010000,,_M_00004,42
82.49016666,13.28,6.409,85.2,11100000_00010000,,_M_00004,42
82.51916575,13.28,6.522,86.6,11100000_00010000,,_M_00004,42
82.54717064,13.28,6.618,87.9,11100000_00010000,,_M_00004,42
82.57614112,13.28,6.721,89.2,11100000_00010000,,_M_00004,42
82.60421515,13.26,6.835,90.7,11100000_00010000,,_M_00004,42
82.63259935,13.28,6.938,92.1,11100000_00010000,,_M_00004,42
82.66155052,13.26,7.031,93.3,11100000_00010000,,_M_00004,42
82.69064069,13.26,7.147,94.8,11100000_00010000,,_M_00004,42
82.71862102,13.26,7.258,96.3,11100000_00010000,,_M_00004,42
82.74771571,13.26,7.35,97.5,11100000_00010000,,_M_00004,42
82.77582288,13.26,7.457,98.9,11100000_00010000,,_M_00004,42
82.80409002,13.26,7.569,100.4,11100000_00010000,,_M_00004,42
82.83314109,13.26,7.682,101.9,11100000_00010000,,_M_00004,42
82.86101127,13.26,7.772,103.1,11100000_00010000,,_M_00004,42
82.89009476,13.24,7.887,104.6,11100000_00010000,,_M_00004,42
82.91919112,13.26,8.021,106.3,11100000_00010000,,_M_00004,42
82.94723082,13.24,8.12,107.6,11100000_00010000,,_M_00004,42
82.97614789,13.24,8.24,109.2,11100000_00010000,,_M_00004,42
83.0042665,13.24,8.35,110.6,11100000_00010000,,_M_00004,42
83.03334236,13.24,8.461,112.1,11100000_00010000,,_M_00004,42
83.06054306,13.24,8.556,113.3,11100000_00010000,,_M_00004,42
83.09052229,13.24,8.662,114.8,11100000_00010000,,_M_00004,42
83.1186409,13.24,8.786,116.4,11100000_00010000,,_M_00004,42
83.14771652,13.24,8.875,117.5,11100000_00010000,,_M_00004,42
83.17528439,13.22,8.976,118.9,11100000_00010000,,_M_00004,42
83.20419097,13.22,9.108,120.6,11100000_00010000,,_M_00004,42
83.23326588,13.22,9.195,121.8,11100000_00010000,,_M_00004,42
83.26133823,13.22,9.295,123,11100000_00010000,,_M_00004,42
83.29044485,13.22,9.425,124.7,11100000_00010000,,_M_00004,42
83.31832147,13.22,9.528,126.2,11100000_00010000,,_M_00004,42
83.34741592,13.22,9.603,127.1,11100000_00010000,,_M_00004,42
83.37605691,13.22,9.702,128.4,11100000_00010000,,_M_00004,42
83.40409255,13.22,9.696,128.3,11100000_00010000,,_M_00004,42
83.43309498,13.22,9.698,128.4,11100000_00010000,,_M_00004,42
83.4611032,13.22,9.694,128.3,11100000_00010000,,_M_00004,42
83.49016666,13.22,9.694,128.3,11100000_00010000,,_M_00004,42
83.51852036,13.22,9.694,128.3,11100000_00010000,,_M_00004,42
83.54672313,13.22,9.692,128.3,11100000_00010000,,_M_00004,42
83.57580757,13.22,9.692,128.3,11100000_00010000,,_M_00004,42
83.60494041,13.22,9.688,128.2,11100000_00010000,,_M_00004,42
83.63301611,13.22,9.688,128.1,11100000_00010000,,_M_00004,42
83.66205597,13.22,9.686,128.2,11100000_00010000,,_M_00004,42
83.69014478,13.22,9.686,128.1,11100000_00010000,,_M_00004,42
83.71829295,13.22,9.686,128.2,11100000_00010000,,_M_00004,42
83.74715567,13.22,9.684,128.1,11100000_00010000,,_M_00004,42
83.77605557,13.22,9.682,128.1,11100000_00010000,,_M_00004,42
83.80414677,13.22,9.678,128.1,11100000_00010000,,_M_00004,42
83.8334434,13.22,9.682,128.2,11100000_00010000,,_M_00004,42
83.86141992,13.22,9.678,128,11100000_00010000,,_M_00004,42
83.89116049,13.22,9.68,128.1,11100000_00010000,,_M_00004,42
83.91926813,13.22,9.678,128,11100000_00010000,,_M_00004,42
83.94672394,13.22,9.676,128.1,11100000_00010000,,_M_00004,42
83.97593999,13.22,9.674,128,11100000_00010000,,_M_00004,42
84.00479269,13.22,9.676,128.1,11100000_00010000,,_M_00004,43
84.03316998,13.22,9.672,128,11100000_00010000,,_M_00004,43
84.06118083,13.22,9.674,128,11100000_00010000,,_M_00004,43
84.08926725,13.22,9.668,127.9,11100000_00010000,,_M_00004,43
84.11836648,13.22,9.668,127.9,11100000_00010000,,_M_00004,43
84.14716554,13.22,9.672,128,11100000_00010000,,_M_00004,43
84.17628622,13.22,9.668,127.9,11100000_00010000,,_M_00004,43
84.20421576,13.22,9.666,127.9,11100000_00010000,,_M_00004,43
84.23329258,13.22,9.666,127.9,11100000_00010000,,_M_00004,43
84.26127362,13.22,9.668,128,11100000_00010000,,_M_00004,43
84.29034114,13.22,9.666,127.8,11100000_00010000,,_M_00004,43
84.31925583,13.22,9.662,127.8,11100000_00010000,,_M_00004,43
84.34714293,13.22,9.66,127.8,11100000_00010000,,_M_00004,43
84.3760581,13.22,9.664,127.9,11100000_00010000,,_M_00004,43
84.40406656,13.22,9.66,127.8,11100000_00010000,,_M_00004,43
84.43315625,13.22,9.66,127.8,11100000_00010000,,_M_00004,43
84.46033812,13.22,9.658,127.8,11100000_00010000,,_M_00004,43
84.49039078,13.22,9.658,127.8,11100000_00010000,,_M_00004,43
84.52138591,13.22,9.656,127.8,11100000_00010000,,_M_00004,43
84.55010104,13.22,9.654,127.7,11100000_00010000,,_M_00004,43
84.57849145,13.22,9.654,127.7,11100000_00010000,,_M_00004,43
84.60676694,13.22,9.652,127.6,11100000_00010000,,_M_00004,43
84.63504124,13.22,9.65,127.7,11100000_00010000,,_M_00004,43
84.66336536,13.22,9.648,127.6,11100000_00010000,,_M_00004,43
84.69164228,13.22,9.65,127.7,11100000_00010000,,_M_00004,43
84.71992278,13.22,9.648,127.6,11100000_00010000,,_M_00004,43
84.74819207,13.22,9.648,127.7,11100000_00010000,,_M_00004,43
84.77647924,13.22,9.65,127.7,11100000_00010000,,_M_00004,43
84.80464649,13.22,9.646,127.7,11100000_00010000,,_M_00004,43
84.83301663,13.22,9.644,127.6,11100000_00010000,,_M_00004,43
84.86199331,13.22,9.642,127.6,11100000_00010000,,_M_00004,43
84.89009142,13.22,9.64,127.5,11100000_00010000,,_M_00004,43
84.91909456,13.22,9.644,127.6,11100000_00010000,,_M_00004,43
84.9471662,13.22,9.635,127.5,11100000_00010000,,_M_00004,43
84.97617388,13.22,9.637,127.5,11100000_00010000,,_M_00004,43
85.00489354,13.22,9.635,127.5,11100000_00010000,,_M_00004,43
85.03358364,13.22,9.637,127.5,11100000_00010000,,_M_00004,43
85.06165266,13.22,9.637,127.5,11100000_00010000,,_M_00004,43
85.09070277,13.22,9.633,127.5,11100000_00010000,,_M_00004,43
85.11946177,13.22,9.635,127.5,11100000_00010000,,_M_00004,43
85.14749098,13.22,9.635,127.5,11100000_00010000,,_M_00004,43
85.17547393,13.22,9.631,127.5,11100000_00010000,,_M_00004,43
85.20447135,13.22,9.633,127.5,11100000_00010000,,_M_00004,43
85.23349738,13.22,9.631,127.5,11100000_00010000,,_M_00004,43
85.26156807,13.22,9.629,127.5,11100000_00010000,,_M_00004,43
85.29056573,13.22,9.631,127.4,11100000_00010000,,_M_00004,43
85.31866813,13.22,9.625,127.4,11100000_00010000,,_M_00004,43
85.347718,13.22,9.629,127.4,11100000_00010000,,_M_00004,43
85.37582588,13.22,9.625,127.4,11100000_00010000,,_M_00004,43
85.40494156,13.22,9.623,127.3,11100000_00010000,,_M_00004,43
85.43294787,13.22,9.627,127.4,11100000_00010000,,_M_00004,43
85.46205759,13.22,9.623,127.4,11100000_00010000,,_M_00004,43
85.49054098,13.22,9.623,127.3,11100000_00010000,,_M_00004,43
85.51864433,13.22,9.623,127.3,11100000_00010000,,_M_00004,43
85.54734111,13.22,9.621,127.3,11100000_00010000,,_M_00004,43
85.57637262,13.22,9.621,127.3,11100000_00010000,,_M_00004,43
85.60444427,13.24,9.619,127.4,11100000_00010000,,_M_00004,43
85.63341689,13.22,9.619,127.3,11100000_00010000,,_M_00004,43
85.66149116,13.22,9.617,127.3,11100000_00010000,,_M_00004,43
85.69044137,13.22,9.615,127.2,11100000_00010000,,_M_00004,43
85.7185173,13.22,9.615,127.3,11100000_00010000,,_M_00004,43
85.74754119,13.22,9.615,127.3,11100000_00010000,,_M_00004,43
85.77489829,13.22,9.613,127.2,11100000_00010000,,_M_00004,43
85.80496883,13.22,9.613,127.3,11100000_00010000,,_M_00004,43
85.83306623,13.22,9.611,127.2,11100000_00010000,,_M_00004,43
85.86104894,13.22,9.617,127.3,11100000_00010000,,_M_00004,43
85.89011645,13.22,9.609,127.2,11100000_00010000,,_M_00004,43
85.91907239,13.22,9.607,127.1,11100000_00010000,,_M_00004,43
85.94717956,13.22,9.611,127.2,11100000_00010000,,_M_00004,43
85.97627997,13.22,9.607,127.1,11100000_00010000,,_M_00004,43
86.00435162,13.22,9.607,127.1,11100000_00010000,,_M_00004,44
86.03346777,13.22,9.607,127.2,11100000_00010000,,_M_00004,44
86.06148458,13.22,9.603,127,11100000_00010000,,_M_00004,44
86.09049368,13.22,9.607,127.1,11100000_00010000,,_M_00004,44
86.11911178,13.22,9.603,127.1,11100000_00010000,,_M_00004,44
86.14770627,13.22,9.605,127.1,11100000_00010000,,_M_00004,44
86.17485356,13.22,9.603,127.1,11100000_00010000,,_M_00004,44
86.20484114,13.22,9.601,127.1,11100000_00010000,,_M_00004,44
86.23294401,13.22,9.605,127.1,11100000_00010000,,_M_00004,44
86.26195049,13.22,9.597,127,11100000_00010000,,_M_00004,44
86.28995419,13.22,9.597,127,11100000_00010000,,_M_00004,44
86.31894302,13.22,9.599,127,11100000_00010000,,_M_00004,44
86.34706044,13.22,9.595,127,11100000_00010000,,_M_00004,44
86.37606978,13.22,9.597,127,11100000_00010000,,_M_00004,44
86.40414238,13.22,9.597,127,11100000_00010000,,_M_00004,44
86.43304181,13.22,9.593,126.9,11100000_00010000,,_M_00004,44
86.46204185,13.22,9.595,127,11100000_00010000,,_M_00004,44
86.49006319,13.22,9.591,126.9,11100000_00010000,,_M_00004,44
86.51909208,13.22,9.595,127,11100000_00010000,,_M_00004,44
86.54749179,13.22,9.591,126.9,11100000_00010000,,_M_00004,44
86.57469964,13.22,9.587,126.9,11100000_00010000,,_M_00004,44
86.60472488,13.22,9.591,126.9,11100000_00010000,,_M_00004,44
86.63281727,13.22,9.589,126.8,11100000_00010000,,_M_00004,44
86.66194081,13.22,9.591,126.9,11100000_00010000,,_M_00004,44
86.68994093,13.22,9.589,126.9,11100000_00010000,,_M_00004,44
86.7187171,13.22,9.587,126.9,11100000_00010000,,_M_00004,44
86.74781919,13.22,9.583,126.9,11100000_00010000,,_M_00004,44
86.77587843,13.2,9.581,126.6,11100000_00010000,,_M_00004,44
86.80496597,13.17,9.583,126.4,11100000_00010000,,_M_00004,44
86.83308578,13.15,9.581,126.1,11100000_00010000,,_M_00004,44
86.86106682,13.13,9.579,125.8,11100000_00010000,,_M_00004,44
86.89016652,13.13,9.583,125.9,11100000_00010000,,_M_00004,44
86.91904235,13.12,9.581,125.9,11100000_00010000,,_M_00004,44
86.946136,13.12,9.583,125.9,11100000_00010000,,_M_00004,44
86.97624135,13.12,9.581,125.8,11100000_00010000,,_M_00004,44
87.00431705,13.13,9.581,125.8,11100000_00010000,,_M_00004,44
87.03364015,13.13,9.583,125.9,11100000_00010000,,_M_00004,44
87.06207013,13.13,9.577,125.8,11100000_00010000,,_M_00004,44
87.08945155,13.12,9.581,125.8,11100000_00010000,,_M_00004,44
87.11898446,13.13,9.577,125.8,11100000_00010000,,_M_00004,44
87.14720607,13.12,9.577,125.8,11100000_00010000,,_M_00004,44
87.17976165,13.12,9.573,125.7,11100000_00010000,,_M_00004,44
87.20744848,13.12,9.571,125.7,11100000_00010000,,_M_00004,44
87.2356925,13.12,9.571,125.7,11100000_00010000,,_M_00004,44
87.26396799,13.12,9.571,125.7,11100000_00010000,,_M_00004,44
87.2916007,13.12,9.573,125.7,11100000_00010000,,_M_00004,44
87.32118511,13.13,9.573,125.8,11100000_00010000,,_M_00004,44
87.34957647,13.12,9.571,125.7,11100000_00010000,,_M_00004,44
87.37725377,13.13,9.571,125.7,11100000_00010000,,_M_00004,44
87.40551662,13.12,9.569,125.7,11100000_00010000,,_M_00004,44
87.43328404,13.13,9.571,125.7,11100000_00010000,,_M_00004,44
87.46207237,13.13,9.564,125.7,11100000_00010000,,_M_00004,44
87.49034166,13.13,9.569,125.7,11100000_00010000,,_M_00004,44
87.51862049,13.12,9.567,125.7,11100000_00010000,,_M_00004,44
87.5478189,13.13,9.562,125.6,11100000_00010000,,_M_00004,44
87.57585287,13.13,9.567,125.7,11100000_00010000,,_M_00004,44
87.60494184,13.12,9.562,125.6,11100000_00010000,,_M_00004,44
87.63296223,13.13,9.562,125.7,11100000_00010000,,_M_00004,44
87.66196632,13.13,9.562,125.7,11100000_00010000,,_M_00004,44
87.68960857,13.13,9.564,125.6,11100000_00010000,,_M_00004,44
87.71862745,13.13,9.562,125.6,11100000_00010000,,_M_00004,44
87.74749351,13.13,9.562,125.6,11100000_00010000,,_M_00004,44
87.77564406,13.13,9.56,125.6,11100000_00010000,,_M_00004,44
87.80510354,13.13,9.56,125.6,11100000_00010000,,_M_00004,44
87.83306623,13.13,9.558,125.6,11100000_00010000,,_M_00004,44
87.86106682,13.13,9.558,125.6,11100000_00010000,,_M_00004,44
87.88925004,13.13,9.56,125.6,11100000_00010000,,_M_00004,44
87.91841793,13.13,9.56,125.6,11100000_00010000,,_M_00004,44
87.94739199,13.13,9.556,125.5,11100000_00010000,,_M_00004,44
87.97547936,13.12,9.556,125.5,11100000_00010000,,_M_00004,44
88.0044477,13.13,9.554,125.5,11100000_00010000,,_M_00004,45
88.03331733,13.13,9.556,125.5,11100000_00010000,,_M_00004,45
88.06160975,13.13,9.552,125.5,11100000_00010000,,_M_00004,45
88.09088683,13.12,9.552,125.5,11100000_00010000,,_M_00004,45
88.11885047,13.12,9.552,125.4,11100000_00010000,,_M_00004,45
88.14685845,13.1,9.552,125.2,11100000_00010000,,_M_00004,45
88.17591906,13.06,9.55,124.9,11100000_00010000,,_M_00004,45
88.20394206,13.04,9.55,124.6,11100000_00010000,,_M_00004,45
88.23301697,13.03,9.552,124.5,11100000_00010000,,_M_00004,45
88.26194191,13.03,9.55,124.5,11100000_00010000,,_M_00004,45
88.2900176,13.03,9.548,124.5,11100000_00010000,,_M_00004,45
88.3190217,13.03,9.55,124.5,11100000_00010000,,_M_00004,45
88.34719467,13.03,9.546,124.5,11100000_00010000,,_M_00004,45
88.37633157,13.03,9.548,124.5,11100000_00010000,,_M_00004,45
88.40432644,13.03,9.55,124.5,11100000_00010000,,_M_00004,45
88.43341708,13.03,9.544,124.4,11100000_00010000,,_M_00004,45
88.46139216,13.03,9.544,124.4,11100000_00010000,,_M_00004,45
88.48965192,13.03,9.546,124.4,11100000_00010000,,_M_00004,45
88.51874495,13.03,9.542,124.4,11100000_00010000,,_M_00004,45
88.5476923,13.03,9.546,124.4,11100000_00010000,,_M_00004,45
88.57570291,13.03,9.544,124.4,11100000_00010000,,_M_00004,45
88.60407305,13.03,9.542,124.4,11100000_00010000,,_M_00004,45
88.63297796,13.03,9.54,124.4,11100000_00010000,,_M_00004,45
88.66199207,13.03,9.542,124.4,11100000_00010000,,_M_00004,45
88.68996716,13.03,9.54,124.4,11100000_00010000,,_M_00004,45
88.71905041,13.03,9.542,124.4,11100000_00010000,,_M_00004,45
88.74621272,13.03,9.54,124.4,11100000_00010000,,_M_00004,45
88.77627754,13.03,9.542,124.4,11100000_00010000,,_M_00004,45
88.80431747,13.03,9.54,124.3,11100000_00010000,,_M_00004,45
88.8333168,13.03,9.54,124.4,11100000_00010000,,_M_00004,45
88.8613925,13.03,9.536,124.3,11100000_00010000,,_M_00004,45
88.89036775,13.03,9.54,124.3,11100000_00010000,,_M_00004,45
88.91847897,13.03,9.534,124.3,11100000_00010000,,_M_00004,45
88.9474926,13.03,9.536,124.3,11100000_00010000,,_M_00004,45
88.97558093,13.03,9.538,124.3,11100000_00010000,,_M_00004,45
89.00452089,13.03,9.534,124.3,11100000_00010000,,_M_00004,45
89.03259587,13.03,9.536,124.3,11100000_00010000,,_M_00004,45
89.06151724,13.03,9.536,124.3,11100000_00010000,,_M_00004,45
89.09067202,13.03,9.53,124.2,11100000_00010000,,_M_00004,45
89.11921501,13.03,9.534,124.3,11100000_00010000,,_M_00004,45
89.14757586,13.03,9.534,124.2,11100000_00010000,,_M_00004,45
89.17563486,13.03,9.534,124.3,11100000_00010000,,_M_00004,45
89.20462084,13.03,9.532,124.3,11100000_00010000,,_M_00004,45
89.23264217,13.03,9.53,124.2,11100000_00010000,,_M_00004,45
89.26164293,13.03,9.532,124.3,11100000_00010000,,_M_00004,45
89.2896924,13.01,9.53,124,11100000_00010000,,_M_00004,45
89.31881785,12.97,9.53,123.8,11100000_00010000,,_M_00004,45
89.34752703,12.94,9.528,123.5,11100000_00010000,,_M_00004,45
89.37553644,12.92,9.526,123.2,11100000_00010000,,_M_00004,45
89.40464234,12.94,9.528,123.3,11100000_00010000,,_M_00004,45
89.43171334,12.94,9.526,123.3,11100000_00010000,,_M_00004,45
89.46172476,12.94,9.526,123.3,11100000_00010000,,_M_00004,45
89.48971677,12.94,9.524,123.3,11100000_00010000,,_M_00004,45
89.51881862,12.92,9.526,123.3,11100000_00010000,,_M_00004,45
89.54771733,12.92,9.528,123.2,11100000_00010000,,_M_00004,45
89.57582426,12.92,9.528,123.2,11100000_00010000,,_M_00004,45
89.60424209,12.92,9.526,123.2,11100000_00010000,,_M_00004,45
89.63331842,12.92,9.528,123.3,11100000_00010000,,_M_00004,45
89.66129613,12.94,9.522,123.2,11100000_00010000,,_M_00004,45
89.69019222,12.92,9.526,123.2,11100000_00010000,,_M_00004,45
89.71837473,12.92,9.522,123.2,11100000_00010000,,_M_00004,45
89.74727511,12.92,9.522,123.2,11100000_00010000,,_M_00004,45
89.7763536,12.94,9.524,123.2,11100000_00010000,,_M_00004,45
89.80429363,12.92,9.52,123.2,11100000_00010000,,_M_00004,45
89.83341765,12.92,9.522,123.2,11100000_00010000,,_M_00004,45
89.86131787,12.92,9.52,123.2,11100000_00010000,,_M_00004,45
89.89333868,12.94,9.518,123.2,11100000_00010000,,_M_00004,45
89.9214251,12.94,9.518,123.2,11100000_00010000,,_M_00004,45
89.94984198,12.92,9.522,123.2,11100000_00010000,,_M_00004,45
89.97814202,12.94,9.52,123.2,11100000_00010000,,_M_00004,45
90.00615168,12.92,9.518,123.1,11100000_00010000,,_M_00004,46
90.03474426,12.92,9.518,123.1,11100000_00010000,,_M_00004,46
90.06301737,12.92,9.518,123.1,11100000_00010000,,_M_00004,46
90.09103847,12.94,9.518,123.2,11100000_00010000,,_M_00004,46
90.11956763,12.94,9.516,123.2,11100000_00010000,,_M_00004,46
90.14786363,12.92,9.516,123.1,11100000_00010000,,_M_00004,46
90.17613602,12.92,9.516,123.1,11100000_00010000,,_M_00004,46
90.20442414,12.94,9.514,123.1,11100000_00010000,,_M_00004,46
90.23298979,12.94,9.514,123.1,11100000_00010000,,_M_00004,46
90.26212549,12.92,9.514,123.1,11100000_00010000,,_M_00004,46
90.2901938,12.92,9.512,123.1,11100000_00010000,,_M_00004,46
90.31919265,12.92,9.516,123.1,11100000_00010000,,_M_00004,46
90.34721732,12.92,9.512,123,11100000_00010000,,_M_00004,46
90.37624907,12.92,9.512,123.1,11100000_00010000,,_M_00004,46
90.40434217,12.92,9.516,123.1,11100000_00010000,,_M_00004,46
90.43331718,12.94,9.512,123.1,11100000_00010000,,_M_00004,46
90.46131754,12.94,9.512,123.1,11100000_00010000,,_M_00004,46
90.49033952,12.94,9.512,123.1,11100000_00010000,,_M_00004,46
90.51845026,12.92,9.51,123,11100000_00010000,,_M_00004,46
90.54739308,12.94,9.51,123.1,11100000_00010000,,_M_00004,46
90.57623935,12.92,9.508,123,11100000_00010000,,_M_00004,46
90.60434389,12.92,9.51,123,11100000_00010000,,_M_00004,46
90.63324308,12.9,9.512,122.7,11100000_00010000,,_M_00004,46
90.66120124,12.87,9.508,122.4,11100000_00010000,,_M_00004,46
90.69021106,12.85,9.51,122.2,11100000_00010000,,_M_00004,46
90.71829295,12.83,9.51,122.1,11100000_00010000,,_M_00004,46
90.74804711,12.83,9.508,122.1,11100000_00010000,,_M_00004,46
90.77618241,12.83,9.506,122,11100000_00010000,,_M_00004,46
90.80337381,12.83,9.504,122,11100000_00010000,,_M_00004,46
90.8334744,12.83,9.508,122.1,11100000_00010000,,_M_00004,46
90.86139464,12.83,9.504,122.1,11100000_00010000,,_M_00004,46
90.89042091,12.85,9.506,122.3,11100000_00010000,,_M_00004,46
90.91844225,12.9,9.506,122.8,11100000_00010000,,_M_00004,46
90.94751763,12.97,9.506,123.4,11100000_00010000,,_M_00004,46
90.97547603,13.01,9.508,123.8,11100000_00010000,,_M_00004,46
91.00372648,13.03,9.504,124,11100000_00010000,,_M_00004,46
91.03281808,13.03,9.506,123.9,11100000_00010000,,_M_00004,46
91.06181741,13.03,9.506,123.9,11100000_00010000,,_M_00004,46
91.0900135,13.03,9.5,123.9,11100000_00010000,,_M_00004,46
91.11914063,13.03,9.504,123.9,11100000_00010000,,_M_00004,46
91.14712071,13.03,9.506,123.9,11100000_00010000,,_M_00004,46
91.17620635,13.03,9.502,123.9,11100000_00010000,,_M_00004,46
91.20418739,13.03,9.504,123.9,11100000_00010000,,_M_00004,46
91.23319674,13.03,9.5,123.9,11100000_00010000,,_M_00004,46
91.26122069,13.03,9.506,123.9,11100000_00010000,,_M_00004,46
91.28999734,13.03,9.5,123.9,11100000_00010000,,_M_00004,46
91.31926823,13.03,9.502,123.9,11100000_00010000,,_M_00004,46
91.34735084,13.03,9.5,123.8,11100000_00010000,,_M_00004,46
91.37598038,13.03,9.5,123.8,11100000_00010000,,_M_00004,46
91.40488338,13.03,9.498,123.8,11100000_00010000,,_M_00004,46
91.43347859,13.03,9.502,123.8,11100000_00010000,,_M_00004,46
91.46215582,13.03,9.496,123.8,11100000_00010000,,_M_00004,46
91.49016523,13.03,9.498,123.8,11100000_00010000,,_M_00004,46
91.51916909,13.03,9.498,123.8,11100000_00010000,,_M_00004,46
91.54723668,13.03,9.498,123.8,11100000_00010000,,_M_00004,46
91.57625103,13.03,9.493,123.8,11100000_00010000,,_M_00004,46
91.6042428,13.03,9.496,123.8,11100000_00010000,,_M_00004,46
91.63324261,13.03,9.498,123.8,11100000_00010000,,_M_00004,46
91.66129398,13.03,9.498,123.8,11100000_00010000,,_M_00004,46
91.68938923,13.03,9.498,123.8,11100000_00010000,,_M_00004,46
91.71849394,13.03,9.498,123.8,11100000_00010000,,_M_00004,46
91.74771857,13.03,9.496,123.8,11100000_00010000,,_M_00004,46
91.77569366,13.03,9.498,123.8,11100000_00010000,,_M_00004,46
91.80424285,13.03,9.493,123.7,11100000_00010000,,_M_00004,46
91.83321738,13.03,9.493,123.7,11100000_00010000,,_M_00004,46
91.8612926,13.03,9.489,123.7,11100000_00010000,,_M_00004,46
91.89027047,12.99,9.491,123.5,11100000_00010000,,_M_00004,46
91.91834307,12.97,9.485,123.2,11100000_00010000,,_M_00004,46
91.94754815,12.94,9.491,122.9,11100000_00010000,,_M_00004,46
91.97555995,12.92,9.493,122.8,11100000_00010000,,_M_00004,46
92.00464344,12.92,9.496,122.8,11100000_00010000,,_M_00004,47
92.03281927,12.92,9.493,122.8,11100000_00010000,,_M_00004,47
92.06185055,12.92,9.491,122.8,11100000_00010000,,_M_00004,47
92.08986092,12.92,9.489,122.8,11100000_00010000,,_M_00004,47
92.11886835,12.92,9.489,122.7,11100000_00010000,,_M_00004,47
92.14694309,12.94,9.491,122.8,11100000_00010000,,_M_00004,47
92.17596602,12.92,9.489,122.8,11100000_00010000,,_M_00004,47
92.20505285,12.92,9.487,122.7,11100000_00010000,,_M_00004,47
92.23304558,12.92,9.487,122.8,11100000_00010000,,_M_00004,47
92.26216841,12.92,9.487,122.8,11100000_00010000,,_M_00004,47
92.29018617,12.94,9.491,122.8,11100000_00010000,,_M_00004,47
92.31926751,12.92,9.487,122.7,11100000_00010000,,_M_00004,47
92.3478148,12.92,9.489,122.7,11100000_00010000,,_M_00004,47
92.37589216,12.94,9.487,122.8,11100000_00010000,,_M_00004,47
92.40497971,12.9,9.483,122.5,11100000_00010000,,_M_00004,47
92.43350768,12.85,9.483,122,11100000_00010000,,_M_00004,47
92.461694,12.79,9.485,121.5,11100000_00010000,,_M_00004,47
92.48886967,12.74,9.485,121,11100000_00010000,,_M_00004,47
92.51901841,12.74,9.485,120.9,11100000_00010000,,_M_00004,47
92.54710841,12.72,9.485,120.8,11100000_00010000,,_M_00004,47
92.57894278,12.74,9.483,120.9,11100000_00010000,,_M_00004,47
92.60420346,12.74,9.483,120.9,11100000_00010000,,_M_00004,47
92.63542652,12.72,9.483,120.8,11100000_00010000,,_M_00004,47
92.66386843,12.72,9.481,120.8,11100000_00010000,,_M_00004,47
92.69216013,12.72,9.487,120.8,11100000_00010000,,_M_00004,47
92.72029781,12.72,9.483,120.8,11100000_00010000,,_M_00004,47
92.74876857,12.72,9.483,120.8,11100000_00010000,,_M_00004,47
92.77685642,12.72,9.481,120.8,11100000_00010000,,_M_00004,47
92.80526304,12.72,9.481,120.8,11100000_00010000,,_M_00004,47
92.83359289,12.72,9.483,120.8,11100000_00010000,,_M_00004,47
92.86160135,12.72,9.483,120.8,11100000_00010000,,_M_00004,47
92.89062119,12.72,9.483,120.8,11100000_00010000,,_M_00004,47
92.91859579,12.72,9.479,120.8,11100000_00010000,,_M_00004,47
92.94782758,12.72,9.479,120.8,11100000_00010000,,_M_00004,47
92.97594643,12.72,9.481,120.7,11100000_00010000,,_M_00004,47
93.0042181,12.72,9.481,120.8,11100000_00010000,,_M_00004,47
93.03321886,12.72,9.483,120.8,11100000_00010000,,_M_00004,47
93.06110573,12.72,9.483,120.8,11100000_00010000,,_M_00004,47
93.08920908,12.72,9.479,120.7,11100000_00010000,,_M_00004,47
93.1183238,12.72,9.479,120.7,11100000_00010000,,_M_00004,47
93.14745474,12.72,9.481,120.8,11100000_00010000,,_M_00004,47
93.17547655,12.72,9.477,120.7,11100000_00010000,,_M_00004,47
93.20421839,12.72,9.481,120.7,11100000_00010000,,_M_00004,47
93.23333693,12.72,9.477,120.7,11100000_00010000,,_M_00004,47
93.26139355,12.72,9.481,120.7,11100000_00010000,,_M_00004,47
93.29052329,12.72,9.479,120.8,11100000_00010000,,_M_00004,47
93.31849337,12.72,9.475,120.7,11100000_00010000,,_M_00004,47
93.34740233,12.72,9.481,120.8,11100000_00010000,,_M_00004,47
93.37467861,12.72,9.475,120.7,11100000_00010000,,_M_00004,47
93.40476871,12.72,9.477,120.7,11100000_00010000,,_M_00004,47
93.43269324,12.72,9.475,120.7,11100000_00010000,,_M_00004,47
93.46181798,12.72,9.475,120.7,11100000_00010000,,_M_00004,47
93.48982811,12.72,9.477,120.7,11100000_00010000,,_M_00004,47
93.51894307,12.72,9.479,120.8,11100000_00010000,,_M_00004,47
93.54719567,12.72,9.473,120.7,11100000_00010000,,_M_00004,47
93.5762558,12.72,9.475,120.7,11100000_00010000,,_M_00004,47
93.60424376,12.72,9.473,120.7,11100000_00010000,,_M_00004,47
93.63330102,12.72,9.479,120.7,11100000_00010000,,_M_00004,47
93.66129518,12.72,9.477,120.8,11100000_00010000,,_M_00004,47
93.69037199,12.72,9.473,120.6,11100000_00010000,,_M_00004,47
93.71834421,12.72,9.477,120.7,11100000_00010000,,_M_00004,47
93.74741769,12.72,9.473,120.7,11100000_00010000,,_M_00004,47
93.7754302,12.72,9.473,120.7,11100000_00010000,,_M_00004,47
93.80451798,12.72,9.477,120.7,11100000_00010000,,_M_00004,47
93.83254313,12.72,9.471,120.7,11100000_00010000,,_M_00004,47
93.86162686,12.72,9.473,120.6,11100000_00010000,,_M_00004,47
93.88964534,12.72,9.473,120.7,11100000_00010000,,_M_00004,47
93.91877007,12.72,9.475,120.7,11100000_00010000,,_M_00004,47
93.94842887,12.72,9.473,120.7,11100000_00010000,,_M_00004,47
93.97540736,12.72,9.471,120.6,11100000_00010000,,_M_00004,47
94.00404358,12.72,9.473,120.6,11100000_00010000,,_M_00004,48
94.03316832,12.74,9.471,120.7,11100000_00010000,,_M_00004,48
94.06116128,12.72,9.475,120.7,11100000_00010000,,_M_00004,48
94.09022212,12.72,9.469,120.6,11100000_00010000,,_M_00004,48
94.11821914,12.69,9.471,120.3,11100000_00010000,,_M_00004,48
94.14736819,12.65,9.469,120,11100000_00010000,,_M_00004,48
94.17534423,12.63,9.469,119.8,11100000_00010000,,_M_00004,48
94.20409441,12.62,9.467,119.6,11100000_00010000,,_M_00004,48
94.23334885,12.63,9.469,119.7,11100000_00010000,,_M_00004,48
94.26144743,12.63,9.467,119.6,11100000_00010000,,_M_00004,48
94.29046822,12.63,9.471,119.7,11100000_00010000,,_M_00004,48
94.31854343,12.63,9.469,119.7,11100000_00010000,,_M_00004,48
94.34754348,12.63,9.467,119.6,11100000_00010000,,_M_00004,48
94.37565136,12.63,9.467,119.6,11100000_00010000,,_M_00004,48
94.40419364,12.63,9.467,119.7,11100000_00010000,,_M_00004,48
94.43326855,12.63,9.469,119.7,11100000_00010000,,_M_00004,48
94.46136951,12.63,9.465,119.6,11100000_00010000,,_M_00004,48
94.49048257,12.63,9.467,119.7,11100000_00010000,,_M_00004,48
94.51834893,12.63,9.469,119.7,11100000_00010000,,_M_00004,48
94.54734874,12.63,9.465,119.7,11100000_00010000,,_M_00004,48
94.57545209,12.63,9.469,119.7,11100000_00010000,,_M_00004,48
94.60421872,12.62,9.467,119.6,11100000_00010000,,_M_00004,48
94.63319683,12.63,9.469,119.7,11100000_00010000,,_M_00004,48
94.66129375,12.63,9.469,119.7,11100000_00010000,,_M_00004,48
94.69041014,12.62,9.467,119.6,11100000_00010000,,_M_00004,48
94.71849537,12.63,9.469,119.7,11100000_00010000,,_M_00004,48
94.74736834,12.63,9.467,119.7,11100000_00010000,,_M_00004,48
94.77544308,12.63,9.465,119.6,11100000_00010000,,_M_00004,48
94.80421829,12.63,9.463,119.6,11100000_00010000,,_M_00004,48
94.83334351,12.63,9.461,119.6,11100000_00010000,,_M_00004,48
94.86164498,12.63,9.469,119.7,11100000_00010000,,_M_00004,48
94.88874626,12.63,9.463,119.6,11100000_00010000,,_M_00004,48
94.91887784,12.63,9.463,119.6,11100000_00010000,,_M_00004,48
94.94767356,12.63,9.467,119.7,11100000_00010000,,_M_00004,48
94.97574377,12.63,9.461,119.6,11100000_00010000,,_M_00004,48
95.00421953,12.62,9.465,119.6,11100000_00010000,,_M_00004,48
95.0333004,12.62,9.465,119.6,11100000_00010000,,_M_00004,48
95.06133652,12.63,9.461,119.5,11100000_00010000,,_M_00004,48
95.09031606,12.62,9.465,119.6,11100000_00010000,,_M_00004,48
95.1183095,12.63,9.469,119.7,11100000_00010000,,_M_00004,48
95.1473093,12.62,9.465,119.6,11100000_00010000,,_M_00004,48
95.17632532,12.63,9.461,119.6,11100000_00010000,,_M_00004,48
95.20441866,12.63,9.463,119.6,11100000_00010000,,_M_00004,48
95.2364893,12.63,9.465,119.6,11100000_00010000,,_M_00004,48
95.26200008,12.63,9.465,119.6,11100000_00010000,,_M_00004,48
95.28995371,12.63,9.461,119.6,11100000_00010000,,_M_00004,48
95.32149482,12.63,9.461,119.6,11100000_00010000,,_M_00004,48
95.34964824,12.63,9.461,119.6,11100000_00010000,,_M_00004,48
95.37804389,12.63,9.461,119.6,11100000_00010000,,_M_00004,48
95.40627623,12.63,9.461,119.6,11100000_00010000,,_M_00004,48
95.43466997,12.63,9.461,119.6,11100000_00010000,,_M_00004,48
95.46294332,12.63,9.461,119.6,11100000_00010000,,_M_00004,48
95.4911952,12.63,9.461,119.6,11100000_00010000,,_M_00004,48
95.51947141,12.63,9.461,119.6,11100000_00010000,,_M_00004,48
95.54756212,12.63,9.457,119.5,11100000_00010000,,_M_00004,48
95.57556725,12.63,9.461,119.6,11100000_00010000,,_M_00004,48
95.60469842,12.63,9.461,119.5,11100000_00010000,,_M_00004,48
95.63333344,12.63,9.463,119.6,11100000_00010000,,_M_00004,48
95.66141081,12.63,9.461,119.6,11100000_00010000,,_M_00004,48
95.68952417,12.63,9.457,119.5,11100000_00010000,,_M_00004,48
95.7185111,12.63,9.463,119.6,11100000_00010000,,_M_00004,48
95.74723577,12.63,9.457,119.5,11100000_00010000,,_M_00004,48
95.77613735,12.63,9.461,119.6,11100000_00010000,,_M_00004,48
95.80421972,12.63,9.457,119.5,11100000_00010000,,_M_00004,48
95.83324504,12.63,9.457,119.5,11100000_00010000,,_M_00004,48
95.8613565,12.63,9.461,119.6,11100000_00010000,,_M_00004,48
95.89049459,12.63,9.455,119.5,11100000_00010000,,_M_00004,48
95.91846895,12.62,9.459,119.5,11100000_00010000,,_M_00004,48
95.94752383,12.63,9.459,119.6,11100000_00010000,,_M_00004,48
95.9755249,12.63,9.457,119.6,11100000_00010000,,_M_00004,48
96.0042448,12.62,9.459,119.5,11100000_00010000,,_M_00004,49
96.03282213,12.62,9.455,119.4,11100000_00010000,,_M_00004,49
96.06198621,12.63,9.461,119.6,11100000_00010000,,_M_00004,49
96.09011412,12.62,9.455,119.3,11100000_00010000,,_M_00004,49
96.11919904,12.58,9.455,119.1,11100000_00010000,,_M_00004,49
96.14720702,12.55,9.459,118.8,11100000_00010000,,_M_00004,49
96.17620826,12.53,9.459,118.6,11100000_00010000,,_M_00004,49
96.20420814,12.53,9.459,118.6,11100000_00010000,,_M_00004,49
96.23329759,12.53,9.459,118.6,11100000_00010000,,_M_00004,49
96.26129436,12.53,9.445,118.5,11100000_00010000,,_M_00004,49
96.2903614,12.53,9.451,118.5,11100000_00010000,,_M_00004,49
96.31831956,12.53,9.457,118.6,11100000_00010000,,_M_00004,49
96.34732866,12.53,9.461,118.6,11100000_00010000,,_M_00004,49
96.37615108,12.53,9.453,118.5,11100000_00010000,,_M_00004,49
96.40414667,12.53,9.455,118.6,11100000_00010000,,_M_00004,49
96.43321967,12.53,9.457,118.5,11100000_00010000,,_M_00004,49
96.46145725,12.53,9.453,118.5,11100000_00010000,,_M_00004,49
96.49054432,12.53,9.455,118.6,11100000_00010000,,_M_00004,49
96.51851916,12.53,9.455,118.6,11100000_00010000,,_M_00004,49
96.5474937,12.53,9.453,118.5,11100000_00010000,,_M_00004,49
96.57554555,12.53,9.455,118.6,11100000_00010000,,_M_00004,49
96.60424399,12.53,9.455,118.6,11100000_00010000,,_M_00004,49
96.63329411,12.53,9.453,118.5,11100000_00010000,,_M_00004,49
96.6613946,12.53,9.457,118.6,11100000_00010000,,_M_00004,49
96.6904037,12.53,9.455,118.6,11100000_00010000,,_M_00004,49
96.7184968,12.53,9.451,118.5,11100000_00010000,,_M_00004,49
96.74767113,12.53,9.453,118.6,11100000_00010000,,_M_00004,49
96.77563953,12.53,9.449,118.5,11100000_00010000,,_M_00004,49
96.80422139,12.53,9.453,118.6,11100000_00010000,,_M_00004,49
96.83319426,12.53,9.451,118.5,11100000_00010000,,_M_00004,49
96.86129761,12.53,9.457,118.6,11100000_00010000,,_M_00004,49
96.89019966,12.53,9.457,118.5,11100000_00010000,,_M_00004,49
96.91822672,12.53,9.449,118.5,11100000_00010000,,_M_00004,49
96.94724536,12.53,9.453,118.5,11100000_00010000,,_M_00004,49
96.97614932,12.53,9.453,118.5,11100000_00010000,,_M_00004,49
97.00421929,12.53,9.457,118.6,11100000_00010000,,_M_00004,49
97.03316355,12.53,9.453,118.6,11100000_00010000,,_M_00004,49
97.06116319,12.53,9.451,118.5,11100000_00010000,,_M_00004,49
97.09016299,12.53,9.451,118.5,11100000_00010000,,_M_00004,49
97.11916447,12.53,9.455,118.6,11100000_00010000,,_M_00004,49
97.14707565,12.53,9.449,118.5,11100000_00010000,,_M_00004,49
97.17593431,12.53,9.453,118.5,11100000_00010000,,_M_00004,49
97.20424366,12.53,9.453,118.6,11100000_00010000,,_M_00004,49
97.23267817,12.53,9.451,118.5,11100000_00010000,,_M_00004,49
97.26182175,12.53,9.455,118.6,11100000_00010000,,_M_00004,49
97.28983092,12.53,9.449,118.5,11100000_00010000,,_M_00004,49
97.31913877,12.53,9.453,118.6,11100000_00010000,,_M_00004,49
97.34717035,12.53,9.449,118.5,11100000_00010000,,_M_00004,49
97.37594414,12.53,9.453,118.5,11100000_00010000,,_M_00004,49
97.40422869,12.53,9.451,118.4,11100000_00010000,,_M_00004,49
97.43324375,12.53,9.451,118.5,11100000_00010000,,_M_00004,49
97.46125817,12.53,9.451,118.5,11100000_00010000,,_M_00004,49
97.49025393,12.53,9.449,118.5,11100000_00010000,,_M_00004,49
97.51834559,12.53,9.451,118.5,11100000_00010000,,_M_00004,49
97.54626274,12.53,9.451,118.5,11100000_00010000,,_M_00004,49
97.57615185,12.53,9.445,118.4,11100000_00010000,,_M_00004,49
97.60425091,12.53,9.451,118.5,11100000_00010000,,_M_00004,49
97.63334489,12.53,9.449,118.5,11100000_00010000,,_M_00004,49
97.66145444,12.51,9.443,118.2,11100000_00010000,,_M_00004,49
97.69046521,12.47,9.449,118,11100000_00010000,,_M_00004,49
97.71852255,12.46,9.445,117.7,11100000_00010000,,_M_00004,49
97.74732733,12.44,9.449,117.6,11100000_00010000,,_M_00004,49
97.77629948,12.42,9.447,117.5,11100000_00010000,,_M_00004,49
97.80437493,12.44,9.447,117.5,11100000_00010000,,_M_00004,49
97.83336997,12.44,9.453,117.6,11100000_00010000,,_M_00004,49
97.86146903,12.44,9.445,117.5,11100000_00010000,,_M_00004,49
97.89042878,12.42,9.451,117.5,11100000_00010000,,_M_00004,49
97.91844392,12.44,9.447,117.5,11100000_00010000,,_M_00004,49
97.95113921,12.44,9.447,117.5,11100000_00010000,,_M_00004,49
97.97945976,12.42,9.445,117.5,11100000_00010000,,_M_00004,49
98.00709867,12.44,9.447,117.5,11100000_00010000,,_M_00004,50
98.03552055,12.44,9.449,117.6,11100000_00010000,,_M_00004,50
98.0637722,12.44,9.447,117.5,11100000_00010000,,_M_00004,50
98.09207034,12.42,9.449,117.5,11100000_00010000,,_M_00004,50
98.12017679,12.44,9.447,117.5,11100000_00010000,,_M_00004,50
98.14836574,12.42,9.445,117.4,11100000_00010000,,_M_00004,50
98.17694497,12.44,9.447,117.5,11100000_00010000,,_M_00004,50
98.20526648,12.42,9.443,117.4,11100000_00010000,,_M_00004,50
98.23346925,12.42,9.447,117.5,11100000_00010000,,_M_00004,50
98.26174617,12.44,9.445,117.5,11100000_00010000,,_M_00004,50
98.28986025,12.42,9.445,117.5,11100000_00010000,,_M_00004,50
98.31881952,12.42,9.445,117.5,11100000_00010000,,_M_00004,50
98.34679508,12.42,9.445,117.5,11100000_00010000,,_M_00004,50
98.37581944,12.42,9.447,117.5,11100000_00010000,,_M_00004,50
98.40425086,12.44,9.449,117.6,11100000_00010000,,_M_00004,50
98.43314552,12.42,9.447,117.5,11100000_00010000,,_M_00004,50
98.46117067,12.99,-8.567,97.9,10100000_00010000,,_M_00004,50
98.49013782,12.49,-0.008,-0.1,10100000_00000000,,_M_00004,50
98.51922107,12.47,-0.008,-0.1,10100000_00000000,,_M_00004,50
98.54717374,12.51,-0.008,-0.1,10100000_00000000,,_M_00004,50
98.5763104,12.55,-0.008,-0.1,10100000_00000000,,_M_00004,50
98.60419369,12.56,-0.006,-0.1,10100000_00000000,,_M_00004,50
98.63341928,12.58,0.008,-0.1,11100000_00000000,,_M_00004,50
98.66131949,12.58,-0.008,-0.1,10100000_00000000,,_M_00004,50
98.69028854,12.58,-0.006,-0.1,10100000_00000000,,_M_00004,50
98.71757603,12.58,-0.008,0,10100000_00000000,,_M_00004,50
98.74752569,12.58,-0.01,-0.1,10100000_00000000,,_M_00004,50
98.77559471,12.58,-0.008,-0.1,10100000_00000000,,_M_00004,50
98.80423188,12.6,-0.012,-0.1,10100000_00000000,,_M_00004,50
98.83321857,12.58,-0.008,-0.1,10100000_00000000,,_M_00004,50
98.86116648,12.58,-0.01,-0.1,10100000_00000000,,_M_00004,50
98.89024734,12.58,-0.01,-0.1,10100000_00000000,,_M_00004,50
98.91914487,12.58,-0.006,-0.1,10100000_00000000,,_M_00004,50
98.94714761,12.58,-0.01,-0.1,10100000_00000000,,_M_00004,50
98.97615337,12.58,-0.008,-0.1,10100000_00000000,,_M_00004,50
99.00405025,12.58,-0.01,-0.1,10100000_00000000,,_M_00004,50
99.03321934,12.58,-0.008,-0.1,10100000_00000000,,_M_00004,50
99.06134605,12.6,-0.008,-0.1,10100000_00000000,,_M_00004,50
99.09028816,12.58,-0.008,-0.1,10100000_00000000,,_M_00004,50
99.11836982,12.58,-0.01,-0.1,10100000_00000000,,_M_00004,50
99.14737535,12.58,-0.01,-0.1,10100000_00000000,,_M_00004,50
99.1763463,12.58,-0.008,-0.1,10100000_00000000,,_M_00004,50
99.20435882,12.58,-0.01,-0.1,10100000_00000000,,_M_00004,50
99.23344445,12.58,-0.008,-0.1,10100000_00000000,,_M_00004,50
99.26142025,12.58,-0.008,-0.1,10100000_00000000,,_M_00004,50
99.29021597,12.58,-0.008,-0.1,10100000_00000000,,_M_00004,50
99.31831956,12.58,-0.01,-0.1,10100000_00000000,,_M_00004,50
99.34736347,12.6,-0.006,-0.1,10100000_00000000,,_M_00004,50
99.37539482,12.6,-0.008,-0.1,10100000_00000000,,_M_00004,50
99.40424562,12.58,-0.01,-0.1,10100000_00000000,,_M_00004,50
99.4333303,12.6,-0.006,-0.1,10100000_00000000,,_M_00004,50
99.4614532,12.58,-0.008,-0.1,10100000_00000000,,_M_00004,50
99.49044394,12.58,-0.01,-0.1,10100000_00000000,,_M_00004,50
99.51854491,12.58,-0.01,-0.1,10100000_00000000,,_M_00004,50
99.54752946,12.6,-0.008,-0.1,10100000_00000000,,_M_00004,50
99.57564497,12.6,-0.006,0,10100000_00000000,,_M_00004,50
99.60424161,12.6,-0.006,-0.1,10100000_00000000,,_M_00004,50
99.632622,12.58,-0.01,-0.1,10100000_00000000,,_M_00004,50
99.66081095,12.58,0.008,-0.1,11100000_00000000,,_M_00004,50
99.68980384,12.58,-0.008,-0.1,10100000_00000000,,_M_00004,50
99.71894431,12.58,-0.008,-0.1,10100000_00000000,,_M_00004,50
99.74687481,12.58,-0.008,-0.1,10100000_00000000,,_M_00004,50
99.77605605,12.6,-0.01,-0.1,10100000_00000000,,_M_00004,50
99.80413675,12.58,-0.008,-0.1,10100000_00000000,,_M_00004,50
99.83314466,12.58,-0.008,-0.1,10100000_00000000,,_M_00004,50
99.86119676,12.58,-0.006,-0.1,10100000_00000000,,_M_00004,50
99.89021015,12.58,-0.008,-0.1,10100000_00000000,,_M_00004,50
99.91924429,12.58,-0.012,-0.2,10100000_00000000,,_M_00004,50
99.94729424,12.58,-0.008,-0.1,10100000_00000000,,_M_00004,50
99.97625566,12.58,-0.008,-0.1,10100000_00000000,,_M_00004,50
100.0042715,12.58,-0.006,-0.1,10100000_00000000,,_M_00004,51
100.0333951,12.58,-0.008,-0.1,10100000_00000000,,_M_00004,51
100.0608926,12.58,-0.006,-0.1,10100000_00000000,,_M_00004,51
100.0898354,12.58,-0.006,0,10100000_00000000,,_M_00004,51
100.119416,12.58,-0.008,-0.1,10100000_00000000,,_M_00004,51
100.1480474,12.58,-0.01,-0.1,10100000_00000000,,_M_00004,51
100.1762111,12.58,-0.01,-0.1,10100000_00000000,,_M_00004,51
100.2042336,12.58,-0.01,-0.1,10100000_00000000,,_M_00004,51
100.2327876,12.58,-0.008,-0.1,10100000_00000000,,_M_00004,51
100.2618728,12.58,-0.008,-0.1,10100000_00000000,,_M_00004,51
100.2904074,12.58,-0.008,-0.1,10100000_00000000,,_M_00004,51
100.3184931,12.58,-0.006,-0.1,10100000_00000000,,_M_00004,51
100.3474698,12.58,0.006,-0.1,11100000_00000000,,_M_00004,51
100.3750756,12.6,-0.008,-0.1,10100000_00000000,,_M_00004,51
100.4041758,12.58,-0.008,-0.1,10100000_00000000,,_M_00004,51
100.4332466,12.58,-0.01,-0.1,10100000_00000000,,_M_00004,51
100.4613442,12.58,-0.01,-0.1,10100000_00000000,,_M_00004,51
100.4902709,12.58,-0.01,-0.1,10100000_00000000,,_M_00004,51
100.5189724,12.58,-0.008,-0.1,10100000_00000000,,_M_00004,51
100.547277,12.58,-0.008,-0.1,10100000_00000000,,_M_00004,51
100.5791008,12.58,-0.008,-0.1,10100000_00000000,,_M_00004,51
100.6041505,12.58,-0.008,-0.1,10100000_00000000,,_M_00004,51
100.6356506,12.58,-0.01,-0.1,10100000_00000000,,_M_00004,51
100.6639462,12.58,-0.008,-0.1,10100000_00000000,,_M_00004,51
100.6921959,12.58,-0.006,-0.1,10100000_00000000,,_M_00004,51
100.7202969,12.58,-0.008,-0.1,10100000_00000000,,_M_00004,51
100.7488022,12.58,0.008,-0.1,11100000_00000000,,_M_00004,51
100.7770951,12.58,-0.008,-0.1,10100000_00000000,,_M_00004,51
100.8052087,12.58,-0.01,-0.1,10100000_00000000,,_M_00004,51
100.8336744,12.58,-0.008,-0.1,10100000_00000000,,_M_00004,51
100.8619754,12.58,-0.006,0,10100000_00000000,,_M_00004,51
100.8901174,12.58,-0.01,-0.1,10100000_00000000,,_M_00004,51
100.9192197,12.58,0.008,-0.1,11100000_00000000,,_M_00004,51
100.9473269,12.58,-0.006,-0.1,10100000_00000000,,_M_00004,51
100.9762516,12.58,-0.008,-0.1,10100000_00000000,,_M_00004,51
101.0043914,12.58,-0.008,-0.1,10100000_00000000,,_M_00004,51
101.0334208,12.58,-0.006,0,10100000_00000000,,_M_00004,51
101.0615225,12.6,-0.01,-0.1,10100000_00000000,,_M_00004,51
101.0905337,12.58,-0.01,-0.1,10100000_00000000,,_M_00004,51
101.1186025,12.58,0.008,-0.1,11100000_00000000,,_M_00004,51
101.1472285,12.6,-0.006,0,10100000_00000000,,_M_00004,51
101.1761379,12.58,0.008,-0.1,11100000_00000000,,_M_00004,51
101.2041552,12.6,-0.008,-0.1,10100000_00000000,,_M_00004,51
101.233145,12.58,0.006,0,11100000_00000000,,_M_00004,51
101.2611196,12.58,-0.008,-0.1,10100000_00000000,,_M_00004,51
101.2902045,12.58,-0.01,-0.1,10100000_00000000,,_M_00004,51
101.3181953,12.58,-0.008,-0.1,10100000_00000000,,_M_00004,51
101.3473027,12.6,-0.008,-0.1,10100000_00000000,,_M_00004,51
101.3763697,12.58,-0.008,-0.1,10100000_00000000,,_M_00004,51
101.4044728,12.58,-0.006,-0.1,10100000_00000000,,_M_00004,51
101.4326532,12.58,-0.006,-0.1,10100000_00000000,,_M_00004,51
101.4617457,12.58,-0.01,-0.1,10100000_00000000,,_M_00004,51
101.4894249,12.58,-0.008,-0.1,10100000_00000000,,_M_00004,51
101.5184948,12.58,-0.006,-0.1,10100000_00000000,,_M_00004,51
101.5475953,12.58,-0.008,-0.1,10100000_00000000,,_M_00004,51
101.5750604,12.58,0.008,-0.1,11100000_00000000,,_M_00004,51
101.6041679,12.58,-0.01,-0.1,10100000_00000000,,_M_00004,51
101.6331763,12.58,0.01,-0.1,11100000_00000000,,_M_00004,51
101.6612713,12.6,-0.006,0,10100000_00000000,,_M_00004,51
101.6902461,12.58,-0.008,-0.1,10100000_00000000,,_M_00004,51
101.7182918,12.58,-0.01,-0.1,10100000_00000000,,_M_00004,51
101.7472696,12.58,0.008,-0.1,11100000_00000000,,_M_00004,51
101.7764599,12.58,-0.01,-0.1,10100000_00000000,,_M_00004,51
101.8045366,12.58,-0.006,0,10100000_00000000,,_M_00004,51
101.8324952,12.58,-0.006,-0.1,10100000_00000000,,_M_00004,51
101.861496,12.6,-0.008,-0.1,10100000_00000000,,_M_00004,51
101.8900323,12.58,-0.006,-0.1,10100000_00000000,,_M_00004,51
101.9190488,12.58,0.006,-0.1,11100000_00000000,,_M_00004,51
101.9470811,12.6,-0.008,-0.1,10100000_00000000,,_M_00004,51
101.9753582,12.58,-0.008,-0.1,10100000_00000000,,_M_00004,51
102.0042691,12.6,-0.008,-0.1,10100000_00000000,,_M_00004,52
102.0333712,12.63,-0.008,-0.1,10100000_00000000,,_M_00004,52
102.0617206,12.65,0.008,0,11100000_00000000,,_M_00004,52
102.0897715,12.69,-0.006,0,10100000_00000000,,_M_00004,52
102.1185701,12.69,0.008,-0.1,11100000_00000000,,_M_00004,52
102.1475835,12.67,-0.006,0,10100000_00000000,,_M_00004,52
102.1749032,12.65,-0.01,-0.1,10100000_00000000,,_M_00004,52
102.2040653,12.62,-0.008,-0.1,10100000_00000000,,_M_00004,52
102.233145,12.6,-0.01,-0.1,10100000_00000000,,_M_00004,52
102.2611294,12.58,-0.008,-0.1,10100000_00000000,,_M_00004,52
102.2901344,12.6,-0.008,-0.1,10100000_00000000,,_M_00004,52
102.3191204,12.58,-0.008,-0.1,10100000_00000000,,_M_00004,52
102.3473701,12.58,-0.008,-0.1,10100000_00000000,,_M_00004,52
102.3753736,12.58,0.004,0,11100000_00000000,,_M_00004,52
102.4036181,12.58,-0.006,-0.1,10100000_00000000,,_M_00004,52
102.4326773,12.58,-0.008,-0.1,10100000_00000000,,_M_00004,52
102.4618204,12.58,-0.006,0,10100000_00000000,,_M_00004,52
102.489804,12.58,-0.01,-0.1,10100000_00000000,,_M_00004,52
102.5189481,12.58,-0.008,-0.1,10100000_00000000,,_M_00004,52
102.5468216,12.58,0.006,-0.1,11100000_00000000,,_M_00004,52
102.5758207,12.58,0.006,-0.1,11100000_00000000,,_M_00004,52
102.6041744,12.58,0.006,0,11100000_00000000,,_M_00004,52
102.6330957,12.58,-0.008,-0.1,10100000_00000000,,_M_00004,52
102.661196,12.58,-0.006,-0.1,10100000_00000000,,_M_00004,52
102.6902065,12.58,-0.006,-0.1,10100000_00000000,,_M_00004,52
102.7182956,12.58,-0.008,-0.1,10100000_00000000,,_M_00004,52
102.7472208,12.58,-0.008,-0.1,10100000_00000000,,_M_00004,52
102.776139,12.58,-0.004,0,10100000_00000000,,_M_00004,52
